# unit square [0, 1]^2, 4786 nodes, 264 of them on a wall; nodes of Shu, Ding and Zhao (2006), doi:10.1016/j.camwa.2006.04.015, read off the paper's figure
4786 2 0 1
0 0.0 0.0 5
1 0.015263 0.0 1
2 0.032538 0.0 1
3 0.04463 0.0 1
4 0.060177 0.0 1
5 0.077451 0.0 1
6 0.093574 0.0 1
7 0.105666 0.0 1
8 0.122365 0.0 1
9 0.138488 0.0 1
10 0.15058 0.0 1
11 0.166702 0.0 1
12 0.183401 0.0 1
13 0.196069 0.0 1
14 0.212192 0.0 1
15 0.228315 0.0 1
16 0.240982 0.0 1
17 0.256529 0.0 1
18 0.273228 0.0 1
19 0.289927 0.0 1
20 0.302019 0.0 1
21 0.318142 0.0 1
22 0.334264 0.0 1
23 0.346932 0.0 1
24 0.363631 0.0 1
25 0.379178 0.0 1
26 0.391846 0.0 1
27 0.407969 0.0 1
28 0.424091 0.0 1
29 0.435608 0.0 1
30 0.452882 0.0 1
31 0.469005 0.0 1
32 0.485703 0.0 1
33 0.497796 0.0 1
34 0.514494 0.0 1
35 0.530041 0.0 1
36 0.542709 0.0 1
37 0.558832 0.0 1
38 0.574955 0.0 1
39 0.587623 0.0 1
40 0.603745 0.0 1
41 0.620444 0.0 1
42 0.632536 0.0 1
43 0.648659 0.0 1
44 0.665357 0.0 1
45 0.68148 0.0 1
46 0.694724 0.0 1
47 0.710847 0.0 1
48 0.72697 0.0 1
49 0.739062 0.0 1
50 0.75576 0.0 1
51 0.772459 0.0 1
52 0.785127 0.0 1
53 0.800674 0.0 1
54 0.817948 0.0 1
55 0.83004 0.0 1
56 0.846163 0.0 1
57 0.863438 0.0 1
58 0.87553 0.0 1
59 0.891077 0.0 1
60 0.908927 0.0 1
61 0.924474 0.0 1
62 0.937142 0.0 1
63 0.95384 0.0 1
64 0.970539 0.0 1
65 0.982055 0.0 1
66 1.0 0.0 5
67 1.0 0.012044 2
68 1.0 0.023919 2
69 1.0 0.036079 2
70 1.0 0.051673 2
71 1.0 0.064263 2
72 1.0 0.075995 2
73 1.0 0.092447 2
74 1.0 0.10518 2
75 1.0 0.120774 2
76 1.0 0.132534 2
77 1.0 0.149101 2
78 1.0 0.161834 2
79 1.0 0.178144 2
80 1.0 0.193881 2
81 1.0 0.206471 2
82 1.0 0.222838 2
83 1.0 0.238804 2
84 1.0 0.254827 2
85 1.0 0.27128 2
86 1.0 0.289163 2
87 1.0 0.305044 2
88 1.0 0.322068 2
89 1.0 0.338378 2
90 1.0 0.354688 2
91 1.0 0.370825 2
92 1.0 0.386277 2
93 1.0 0.402186 2
94 1.0 0.418781 2
95 1.0 0.434662 2
96 1.0 0.4514 2
97 1.0 0.467195 2
98 1.0 0.48359 2
99 1.0 0.4999 2
100 1.0 0.516495 2
101 1.0 0.532519 2
102 1.0 0.551117 2
103 1.0 0.568142 2
104 1.0 0.583594 2
105 1.0 0.600189 2
106 1.0 0.616642 2
107 1.0 0.632236 2
108 1.0 0.649261 2
109 1.0 0.665284 2
110 1.0 0.681451 2
111 1.0 0.697331 2
112 1.0 0.713641 2
113 1.0 0.729521 2
114 1.0 0.745544 2
115 1.0 0.758134 2
116 1.0 0.773442 2
117 1.0 0.78875 2
118 1.0 0.80506 2
119 1.0 0.821656 2
120 1.0 0.833673 2
121 1.0 0.849315 2
122 1.0 0.861857 2
123 1.0 0.878453 2
124 1.0 0.890471 2
125 1.0 0.907066 2
126 1.0 0.919055 2
127 1.0 0.935679 2
128 1.0 0.947983 2
129 1.0 0.960287 2
130 1.0 0.972447 2
131 1.0 0.984322 2
132 1.0 1.0 5
133 0.983207 1.0 3
134 0.971115 1.0 3
135 0.954416 1.0 3
136 0.937718 1.0 3
137 0.92505 1.0 3
138 0.910078 1.0 3
139 0.892228 1.0 3
140 0.876105 1.0 3
141 0.864013 1.0 3
142 0.847315 1.0 3
143 0.831192 1.0 3
144 0.818524 1.0 3
145 0.801825 1.0 3
146 0.785703 1.0 3
147 0.772459 1.0 3
148 0.756912 1.0 3
149 0.740213 1.0 3
150 0.72697 1.0 3
151 0.711998 1.0 3
152 0.6953 1.0 3
153 0.682632 1.0 3
154 0.666509 1.0 3
155 0.64981 1.0 3
156 0.633112 1.0 3
157 0.62102 1.0 3
158 0.604897 1.0 3
159 0.588774 1.0 3
160 0.576682 1.0 3
161 0.559983 1.0 3
162 0.543861 1.0 3
163 0.531193 1.0 3
164 0.514494 1.0 3
165 0.498947 1.0 3
166 0.486279 1.0 3
167 0.470157 1.0 3
168 0.454034 1.0 3
169 0.436759 1.0 3
170 0.425243 1.0 3
171 0.40912 1.0 3
172 0.391846 1.0 3
173 0.38033 1.0 3
174 0.363631 1.0 3
175 0.346932 1.0 3
176 0.335416 1.0 3
177 0.318142 1.0 3
178 0.302595 1.0 3
179 0.290503 1.0 3
180 0.27438 1.0 3
181 0.257681 1.0 3
182 0.242134 1.0 3
183 0.22889 1.0 3
184 0.212192 1.0 3
185 0.197221 1.0 3
186 0.184553 1.0 3
187 0.167278 1.0 3
188 0.151731 1.0 3
189 0.139063 1.0 3
190 0.123516 1.0 3
191 0.106242 1.0 3
192 0.09415 1.0 3
193 0.078603 1.0 3
194 0.061328 1.0 3
195 0.045206 1.0 3
196 0.033689 1.0 3
197 0.016415 1.0 3
198 0.0 1.0 5
199 0.0 0.982462 4
200 0.0 0.969987 4
201 0.0 0.958313 4
202 0.0 0.945837 4
203 0.0 0.933362 4
204 0.0 0.917682 4
205 0.0 0.905435 4
206 0.0 0.888725 4
207 0.0 0.876135 4
208 0.0 0.860856 4
209 0.0 0.848438 4
210 0.0 0.832071 4
211 0.0 0.819939 4
212 0.0 0.80403 4
213 0.0 0.787663 4
214 0.0 0.771582 4
215 0.0 0.756561 4
216 0.0 0.744114 4
217 0.0 0.728233 4
218 0.0 0.711895 4
219 0.0 0.695986 4
220 0.0 0.67962 4
221 0.0 0.664054 4
222 0.0 0.647115 4
223 0.0 0.630805 4
224 0.0 0.615183 4
225 0.0 0.598587 4
226 0.0 0.582449 4
227 0.0 0.566883 4
228 0.0 0.549944 4
229 0.0 0.530373 4
230 0.0 0.514235 4
231 0.0 0.498669 4
232 0.0 0.48173 4
233 0.0 0.465821 4
234 0.0 0.449569 4
235 0.0 0.433088 4
236 0.0 0.417637 4
237 0.0 0.400927 4
238 0.0 0.384789 4
239 0.0 0.368536 4
240 0.0 0.352112 4
241 0.0 0.336947 4
242 0.0 0.32081 4
243 0.0 0.304099 4
244 0.0 0.287618 4
245 0.0 0.270679 4
246 0.0 0.254446 4
247 0.0 0.237831 4
248 0.0 0.222266 4
249 0.0 0.206757 4
250 0.0 0.193767 4
251 0.0 0.177858 4
252 0.0 0.162521 4
253 0.0 0.149588 4
254 0.0 0.133107 4
255 0.0 0.12086 4
256 0.0 0.10518 4
257 0.0 0.092934 4
258 0.0 0.075995 4
259 0.0 0.063634 4
260 0.0 0.051845 4
261 0.0 0.035364 4
262 0.0 0.023919 4
263 0.0 0.012473 4
264 0.009505 0.541818 0
265 0.011233 0.795904 0
266 0.011233 0.671837 0
267 0.011233 0.12086 0
268 0.011233 0.10518 0
269 0.011808 0.937825 0
270 0.011808 0.925236 0
271 0.012384 0.897195 0
272 0.012384 0.763971 0
273 0.012384 0.703655 0
274 0.012384 0.606827 0
275 0.012384 0.574323 0
276 0.012384 0.441786 0
277 0.012384 0.34473 0
278 0.012384 0.157485 0
279 0.01296 0.425076 0
280 0.015263 0.913075 0
281 0.015263 0.687317 0
282 0.015839 0.558528 0
283 0.015263 0.312626 0
284 0.015263 0.214483 0
285 0.015263 0.140661 0
286 0.015263 0.084149 0
287 0.015263 0.015907 0
288 0.015839 0.954421 0
289 0.016415 0.884891 0
290 0.016415 0.868152 0
291 0.016415 0.856421 0
292 0.016415 0.779308 0
293 0.016415 0.65527 0
294 0.016415 0.62308 0
295 0.016991 0.522361 0
296 0.016415 0.506767 0
297 0.016415 0.474291 0
298 0.016415 0.392743 0
299 0.016415 0.36041 0
300 0.016415 0.279149 0
301 0.016415 0.245957 0
302 0.016415 0.185869 0
303 0.016415 0.044091 0
304 0.01987 0.97817 0
305 0.01987 0.966009 0
306 0.020446 0.839281 0
307 0.020446 0.811813 0
308 0.01987 0.457266 0
309 0.01987 0.230363 0
310 0.01987 0.201464 0
311 0.01987 0.031787 0
312 0.021022 0.752555 0
313 0.021022 0.735387 0
314 0.021022 0.720222 0
315 0.021022 0.639246 0
316 0.020446 0.591033 0
317 0.021022 0.490028 0
318 0.021022 0.409053 0
319 0.021022 0.376863 0
320 0.021022 0.344387 0
321 0.020446 0.328363 0
322 0.021022 0.295315 0
323 0.021022 0.262553 0
324 0.020446 0.056538 0
325 0.021597 0.542009 0
326 0.023901 0.071531 0
327 0.024476 0.824517 0
328 0.024476 0.169989 0
329 0.024476 0.152821 0
330 0.024476 0.129072 0
331 0.024476 0.113049 0
332 0.024476 0.096167 0
333 0.028507 0.937597 0
334 0.028507 0.925236 0
335 0.027931 0.703483 0
336 0.027931 0.671722 0
337 0.028507 0.606942 0
338 0.028507 0.574208 0
339 0.027931 0.214626 0
340 0.028507 0.189532 0
341 0.027931 0.011901 0
342 0.029083 0.954278 0
343 0.029083 0.901057 0
344 0.029083 0.884605 0
345 0.029083 0.856421 0
346 0.028507 0.795904 0
347 0.029083 0.763857 0
348 0.029083 0.65527 0
349 0.029083 0.622937 0
350 0.029083 0.506481 0
351 0.029083 0.474291 0
352 0.029083 0.46256 0
353 0.029083 0.441529 0
354 0.029083 0.384445 0
355 0.029083 0.360267 0
356 0.029083 0.336804 0
357 0.029083 0.270565 0
358 0.029083 0.246243 0
359 0.030235 0.424933 0
360 0.030235 0.396749 0
361 0.030235 0.283154 0
362 0.032538 0.687173 0
363 0.032538 0.554265 0
364 0.033114 0.140661 0
365 0.032538 0.084149 0
366 0.033689 0.966009 0
367 0.033689 0.827521 0
368 0.033689 0.779165 0
369 0.033689 0.739822 0
370 0.033114 0.715787 0
371 0.033689 0.525795 0
372 0.033689 0.320066 0
373 0.033689 0.312483 0
374 0.033689 0.056538 0
375 0.035993 0.912932 0
376 0.035993 0.807921 0
377 0.035993 0.58202 0
378 0.035993 0.230649 0
379 0.035993 0.201178 0
380 0.035993 0.104894 0
381 0.037144 0.752412 0
382 0.037144 0.615068 0
383 0.036568 0.594467 0
384 0.037144 0.489885 0
385 0.037144 0.409053 0
386 0.037144 0.392457 0
387 0.037144 0.376291 0
388 0.037144 0.34453 0
389 0.037144 0.295172 0
390 0.037144 0.262267 0
391 0.037144 0.173852 0
392 0.036568 0.152678 0
393 0.040599 0.983034 0
394 0.040599 0.938684 0
395 0.041175 0.869154 0
396 0.040599 0.840397 0
397 0.040599 0.675585 0
398 0.041175 0.639218 0
399 0.040599 0.566712 0
400 0.040599 0.457123 0
401 0.040599 0.444819 0
402 0.040599 0.328506 0
403 0.040599 0.124351 0
404 0.040599 0.092018 0
405 0.040599 0.063405 0
406 0.040599 0.043805 0
407 0.040599 0.027781 0
408 0.040599 0.015621 0
409 0.041751 0.772441 0
410 0.041751 0.518069 0
411 0.041751 0.279149 0
412 0.041751 0.185726 0
413 0.044054 0.08043 0
414 0.045206 0.951417 0
415 0.045206 0.930243 0
416 0.045206 0.857708 0
417 0.045206 0.824946 0
418 0.045206 0.796905 0
419 0.045206 0.736388 0
420 0.045206 0.700336 0
421 0.045206 0.652265 0
422 0.045206 0.627801 0
423 0.045782 0.542619 0
424 0.045782 0.50691 0
425 0.045782 0.424962 0
426 0.045782 0.38044 0
427 0.045206 0.266559 0
428 0.045206 0.237516 0
429 0.045206 0.222494 0
430 0.045206 0.21434 0
431 0.045206 0.16212 0
432 0.045206 0.112763 0
433 0.047509 0.197458 0
434 0.048661 0.963005 0
435 0.048661 0.905779 0
436 0.048661 0.893761 0
437 0.048661 0.881743 0
438 0.048661 0.805203 0
439 0.049236 0.780109 0
440 0.049236 0.764887 0
441 0.048661 0.716931 0
442 0.048661 0.687889 0
443 0.048661 0.603909 0
444 0.048661 0.591891 0
445 0.048085 0.555743 0
446 0.048661 0.475149 0
447 0.048661 0.356547 0
448 0.048661 0.31606 0
449 0.048661 0.245814 0
450 0.048661 0.173852 0
451 0.048661 0.144666 0
452 0.049812 0.406191 0
453 0.052691 0.44213 0
454 0.052115 0.120202 0
455 0.052115 0.092018 0
456 0.052115 0.023203 0
457 0.052115 0.011472 0
458 0.053267 0.987469 0
459 0.053267 0.975452 0
460 0.053267 0.869154 0
461 0.053267 0.836391 0
462 0.053267 0.615497 0
463 0.053267 0.579445 0
464 0.053267 0.534951 0
465 0.053267 0.523077 0
466 0.053267 0.458554 0
467 0.053267 0.413917 0
468 0.053267 0.369423 0
469 0.053267 0.345531 0
470 0.053267 0.329222 0
471 0.053267 0.230935 0
472 0.053267 0.157972 0
473 0.053267 0.063405 0
474 0.052691 0.03937 0
475 0.053843 0.664855 0
476 0.053843 0.639866 0
477 0.054419 0.300322 0
478 0.057298 0.926266 0
479 0.057298 0.913676 0
480 0.057298 0.820511 0
481 0.057298 0.792012 0
482 0.057298 0.749092 0
483 0.056722 0.736388 0
484 0.056722 0.6763 0
485 0.057298 0.56345 0
486 0.057298 0.490314 0
487 0.057874 0.396749 0
488 0.057298 0.381584 0
489 0.057298 0.26324 0
490 0.056722 0.105895 0
491 0.056722 0.05196 0
492 0.060177 0.938112 0
493 0.060177 0.808637 0
494 0.060177 0.691895 0
495 0.060177 0.24653 0
496 0.060177 0.207472 0
497 0.060753 0.17843 0
498 0.060753 0.141462 0
499 0.060753 0.129559 0
500 0.061328 0.958713 0
501 0.061328 0.897767 0
502 0.061328 0.885749 0
503 0.061328 0.857422 0
504 0.061328 0.52651 0
505 0.061328 0.507625 0
506 0.061328 0.478869 0
507 0.061904 0.430227 0
508 0.065359 0.072332 0
509 0.065935 0.843974 0
510 0.065935 0.824517 0
511 0.065935 0.776161 0
512 0.065935 0.728949 0
513 0.065935 0.704484 0
514 0.065935 0.647973 0
515 0.065935 0.631378 0
516 0.065935 0.619646 0
517 0.065935 0.603623 0
518 0.065935 0.586884 0
519 0.065935 0.467138 0
520 0.065935 0.454548 0
521 0.065935 0.357406 0
522 0.065935 0.320924 0
523 0.065935 0.219204 0
524 0.065935 0.158544 0
525 0.067087 0.538385 0
526 0.067087 0.304614 0
527 0.067087 0.291882 0
528 0.067087 0.280293 0
529 0.068814 0.684198 0
530 0.068814 0.19411 0
531 0.068814 0.105752 0
532 0.068814 0.085036 0
533 0.069966 0.987155 0
534 0.069966 0.975366 0
535 0.069966 0.905779 0
536 0.069966 0.873159 0
537 0.069966 0.764773 0
538 0.069966 0.749092 0
539 0.069966 0.716931 0
540 0.06939 0.55498 0
541 0.069966 0.494892 0
542 0.070542 0.406573 0
543 0.069966 0.37712 0
544 0.069966 0.234626 0
545 0.069966 0.170991 0
546 0.069966 0.032617 0
547 0.06939 0.016479 0
548 0.072845 0.958427 0
549 0.072845 0.930243 0
550 0.072845 0.816505 0
551 0.072845 0.696187 0
552 0.072845 0.571147 0
553 0.072845 0.207329 0
554 0.073421 0.141233 0
555 0.072845 0.120774 0
556 0.072845 0.096739 0
557 0.073421 0.048411 0
558 0.073996 0.893761 0
559 0.073996 0.664712 0
560 0.073996 0.611634 0
561 0.073996 0.530802 0
562 0.073996 0.52279 0
563 0.073996 0.478726 0
564 0.073996 0.441672 0
565 0.073996 0.421643 0
566 0.073996 0.336947 0
567 0.073996 0.29603 0
568 0.073996 0.262696 0
569 0.077451 0.946982 0
570 0.077451 0.857422 0
571 0.077451 0.801483 0
572 0.078027 0.732268 0
573 0.077451 0.6763 0
574 0.077451 0.462989 0
575 0.078027 0.312569 0
576 0.077451 0.250392 0
577 0.078603 0.783314 0
578 0.078603 0.652265 0
579 0.078603 0.623509 0
580 0.078603 0.586455 0
581 0.078603 0.393172 0
582 0.078603 0.182293 0
583 0.078603 0.064549 0
584 0.081482 0.918368 0
585 0.081482 0.687746 0
586 0.081482 0.486995 0
587 0.082058 0.430417 0
588 0.081482 0.352971 0
589 0.081482 0.328821 0
590 0.082058 0.238518 0
591 0.081482 0.22238 0
592 0.081482 0.109415 0
593 0.080906 0.081431 0
594 0.082634 0.881286 0
595 0.082634 0.843974 0
596 0.082634 0.772098 0
597 0.082634 0.75699 0
598 0.082634 0.744858 0
599 0.082058 0.639962 0
600 0.082058 0.599045 0
601 0.082058 0.507339 0
602 0.082634 0.381584 0
603 0.082634 0.364416 0
604 0.082634 0.271137 0
605 0.082634 0.170991 0
606 0.082058 0.153823 0
607 0.084361 0.096596 0
608 0.086089 0.982691 0
609 0.085513 0.963005 0
610 0.085513 0.933963 0
611 0.085513 0.700049 0
612 0.085513 0.579302 0
613 0.085513 0.559129 0
614 0.085513 0.538528 0
615 0.085513 0.52651 0
616 0.085513 0.471 0
617 0.085513 0.193595 0
618 0.085513 0.129072 0
619 0.085513 0.036079 0
620 0.085513 0.016622 0
621 0.086664 0.869011 0
622 0.086089 0.720556 0
623 0.086664 0.409482 0
624 0.086664 0.284156 0
625 0.089543 0.679963 0
626 0.088968 0.210763 0
627 0.090119 0.836105 0
628 0.089543 0.812881 0
629 0.089543 0.796285 0
630 0.090119 0.567427 0
631 0.090119 0.454405 0
632 0.090119 0.250106 0
633 0.090119 0.064549 0
634 0.091271 0.905779 0
635 0.091271 0.893761 0
636 0.091271 0.373143 0
637 0.091271 0.300179 0
638 0.090695 0.262553 0
639 0.093574 0.222494 0
640 0.09415 0.950988 0
641 0.09415 0.92123 0
642 0.09415 0.852444 0
643 0.09415 0.824746 0
644 0.09415 0.779766 0
645 0.09415 0.764773 0
646 0.09415 0.642995 0
647 0.09415 0.607629 0
648 0.09415 0.499013 0
649 0.09415 0.360754 0
650 0.09415 0.344959 0
651 0.093574 0.316489 0
652 0.09415 0.182207 0
653 0.09415 0.166412 0
654 0.09415 0.137799 0
655 0.09415 0.113764 0
656 0.09415 0.047954 0
657 0.094726 0.656271 0
658 0.094726 0.546969 0
659 0.094726 0.518928 0
660 0.094726 0.42994 0
661 0.094726 0.385447 0
662 0.097029 0.080716 0
663 0.098181 0.986897 0
664 0.098181 0.975309 0
665 0.098181 0.881314 0
666 0.098181 0.720365 0
667 0.098181 0.708776 0
668 0.098181 0.623366 0
669 0.098181 0.595182 0
670 0.098181 0.583021 0
671 0.098181 0.486881 0
672 0.098181 0.466708 0
673 0.098181 0.445821 0
674 0.098181 0.332942 0
675 0.098181 0.238375 0
676 0.098181 0.149245 0
677 0.097605 0.008467 0
678 0.099332 0.417923 0
679 0.101635 0.913647 0
680 0.101635 0.804488 0
681 0.101635 0.691608 0
682 0.101635 0.6763 0
683 0.101635 0.562706 0
684 0.101635 0.035936 0
685 0.101635 0.020485 0
686 0.102787 0.897767 0
687 0.102787 0.748978 0
688 0.102787 0.732382 0
689 0.102787 0.534379 0
690 0.102787 0.401041 0
691 0.102787 0.373 0
692 0.102787 0.275429 0
693 0.102787 0.258118 0
694 0.102787 0.174281 0
695 0.105666 0.925579 0
696 0.105666 0.19411 0
697 0.105666 0.096596 0
698 0.106242 0.963005 0
699 0.106242 0.937825 0
700 0.106242 0.869011 0
701 0.106242 0.857422 0
702 0.106242 0.839396 0
703 0.106242 0.820082 0
704 0.106242 0.788035 0
705 0.106242 0.771869 0
706 0.106242 0.664283 0
707 0.106242 0.639675 0
708 0.106242 0.57501 0
709 0.106242 0.47472 0
710 0.106242 0.344959 0
711 0.106242 0.320924 0
712 0.106242 0.214483 0
713 0.106242 0.129072 0
714 0.106242 0.05711 0
715 0.107394 0.511059 0
716 0.106818 0.458268 0
717 0.107394 0.425219 0
718 0.107394 0.308334 0
719 0.106818 0.287733 0
720 0.109697 0.080573 0
721 0.110849 0.756847 0
722 0.110849 0.618788 0
723 0.110849 0.498755 0
724 0.110849 0.441815 0
725 0.110849 0.413631 0
726 0.110849 0.388594 0
727 0.110849 0.246386 0
728 0.110849 0.230935 0
729 0.110849 0.068841 0
730 0.111424 0.546969 0
731 0.114303 0.607342 0
732 0.114303 0.59089 0
733 0.114303 0.5587 0
734 0.114303 0.113621 0
735 0.114303 0.047954 0
736 0.114303 0.027638 0
737 0.114303 0.01233 0
738 0.115455 0.986897 0
739 0.115455 0.975309 0
740 0.115455 0.950701 0
741 0.115455 0.897481 0
742 0.115455 0.728377 0
743 0.115455 0.712353 0
744 0.115455 0.534379 0
745 0.115455 0.401041 0
746 0.115455 0.352971 0
747 0.115455 0.332798 0
748 0.115455 0.162264 0
749 0.117758 0.929957 0
750 0.117758 0.808494 0
751 0.117758 0.68374 0
752 0.117758 0.210477 0
753 0.117758 0.145239 0
754 0.117758 0.125066 0
755 0.117758 0.088728 0
756 0.11891 0.909212 0
757 0.11891 0.885463 0
758 0.11891 0.87273 0
759 0.11891 0.852415 0
760 0.118334 0.835962 0
761 0.118334 0.819939 0
762 0.11891 0.768435 0
763 0.118334 0.744209 0
764 0.118334 0.699763 0
765 0.11891 0.668718 0
766 0.11891 0.651979 0
767 0.11891 0.627658 0
768 0.11891 0.522933 0
769 0.11891 0.486881 0
770 0.11891 0.462846 0
771 0.11891 0.377006 0
772 0.11891 0.344959 0
773 0.11891 0.280007 0
774 0.11891 0.262553 0
775 0.11891 0.181864 0
776 0.122365 0.574723 0
777 0.122365 0.450113 0
778 0.122365 0.316489 0
779 0.122365 0.241808 0
780 0.122365 0.222494 0
781 0.123516 0.783314 0
782 0.123516 0.615068 0
783 0.123516 0.474148 0
784 0.123516 0.420641 0
785 0.123516 0.405619 0
786 0.123516 0.295744 0
787 0.123516 0.068841 0
788 0.126971 0.941831 0
789 0.126971 0.864576 0
790 0.127547 0.660735 0
791 0.127547 0.639332 0
792 0.126971 0.599045 0
793 0.126971 0.562563 0
794 0.127547 0.546625 0
795 0.127547 0.507253 0
796 0.127547 0.393029 0
797 0.127547 0.193652 0
798 0.126971 0.132935 0
799 0.126971 0.101031 0
800 0.126971 0.035936 0
801 0.12985 0.076224 0
802 0.130426 0.98704 0
803 0.130426 0.974737 0
804 0.130426 0.954421 0
805 0.130426 0.929814 0
806 0.130426 0.843831 0
807 0.130426 0.824517 0
808 0.130426 0.752555 0
809 0.130426 0.736245 0
810 0.130426 0.720365 0
811 0.130426 0.708776 0
812 0.130426 0.691608 0
813 0.131002 0.672523 0
814 0.130426 0.586455 0
815 0.130426 0.486738 0
816 0.131002 0.433088 0
817 0.130426 0.368851 0
818 0.130426 0.356404 0
819 0.130426 0.344816 0
820 0.130426 0.328506 0
821 0.130426 0.201893 0
822 0.130426 0.173995 0
823 0.130426 0.153537 0
824 0.130426 0.056681 0
825 0.130426 0.019913 0
826 0.130426 0.008324 0
827 0.131002 0.534379 0
828 0.131578 0.522933 0
829 0.131578 0.381441 0
830 0.131578 0.304042 0
831 0.131578 0.283584 0
832 0.134457 0.792012 0
833 0.135033 0.909212 0
834 0.135033 0.893189 0
835 0.135033 0.876164 0
836 0.134457 0.808494 0
837 0.135033 0.775731 0
838 0.135033 0.631235 0
839 0.135033 0.57501 0
840 0.135033 0.498898 0
841 0.135033 0.462703 0
842 0.135033 0.44997 0
843 0.135033 0.266988 0
844 0.135033 0.249963 0
845 0.135033 0.140804 0
846 0.136184 0.417494 0
847 0.135609 0.401041 0
848 0.139063 0.860684 0
849 0.139063 0.611062 0
850 0.138488 0.558414 0
851 0.139063 0.313141 0
852 0.139063 0.295515 0
853 0.139063 0.234398 0
854 0.138488 0.219061 0
855 0.139063 0.189189 0
856 0.138488 0.125209 0
857 0.138488 0.113478 0
858 0.138488 0.088728 0
859 0.138488 0.03937 0
860 0.140215 0.652036 0
861 0.141942 0.68374 0
862 0.141942 0.595039 0
863 0.141942 0.454262 0
864 0.141942 0.201607 0
865 0.141942 0.020056 0
866 0.143094 0.982176 0
867 0.143094 0.962862 0
868 0.143094 0.83167 0
869 0.143094 0.819796 0
870 0.143094 0.764286 0
871 0.143094 0.748692 0
872 0.142518 0.73181 0
873 0.142518 0.715977 0
874 0.142518 0.699763 0
875 0.143094 0.510916 0
876 0.143094 0.388451 0
877 0.143094 0.377006 0
878 0.143094 0.356404 0
879 0.143094 0.332369 0
880 0.14367 0.279606 0
881 0.143094 0.07156 0
882 0.142518 0.05196 0
883 0.146549 0.93339 0
884 0.146549 0.91751 0
885 0.146549 0.800625 0
886 0.147125 0.618959 0
887 0.147125 0.582563 0
888 0.146549 0.177858 0
889 0.146549 0.162264 0
890 0.146549 0.144666 0
891 0.146549 0.128929 0
892 0.146549 0.101031 0
893 0.146549 0.031358 0
894 0.147125 0.945837 0
895 0.147701 0.901487 0
896 0.147701 0.885463 0
897 0.147701 0.872444 0
898 0.147701 0.546396 0
899 0.147701 0.526081 0
900 0.147701 0.482303 0
901 0.147701 0.466422 0
902 0.147701 0.413488 0
903 0.147701 0.344816 0
904 0.148852 0.429368 0
905 0.15058 0.245614 0
906 0.15058 0.218946 0
907 0.151155 0.117007 0
908 0.151731 0.848552 0
909 0.151731 0.812271 0
910 0.151731 0.783199 0
911 0.151731 0.660048 0
912 0.151731 0.642766 0
913 0.151731 0.630863 0
914 0.151731 0.607056 0
915 0.151155 0.566998 0
916 0.151731 0.498898 0
917 0.151731 0.324815 0
918 0.151731 0.056767 0
919 0.152307 0.672151 0
920 0.152883 0.303985 0
921 0.155186 0.193881 0
922 0.15461 0.084006 0
923 0.155762 0.963148 0
924 0.155762 0.859997 0
925 0.155762 0.771726 0
926 0.155762 0.75699 0
927 0.155762 0.739965 0
928 0.155762 0.708633 0
929 0.155762 0.510916 0
930 0.155762 0.46256 0
931 0.155762 0.449827 0
932 0.155762 0.396892 0
933 0.155762 0.380869 0
934 0.155762 0.28759 0
935 0.155762 0.257975 0
936 0.159217 0.975595 0
937 0.159217 0.930243 0
938 0.159217 0.8321 0
939 0.159217 0.820654 0
940 0.159217 0.800768 0
941 0.159217 0.683454 0
942 0.159217 0.590747 0
943 0.159217 0.578872 0
944 0.159217 0.437523 0
945 0.159217 0.226214 0
946 0.159217 0.210477 0
947 0.159217 0.035364 0
948 0.159217 0.01977 0
949 0.160369 0.987899 0
950 0.160369 0.909641 0
951 0.159793 0.720365 0
952 0.160369 0.651979 0
953 0.160369 0.546253 0
954 0.160369 0.490314 0
955 0.160369 0.474291 0
956 0.160369 0.364273 0
957 0.160369 0.348393 0
958 0.160369 0.270565 0
959 0.160369 0.165411 0
960 0.160369 0.153107 0
961 0.160369 0.067983 0
962 0.163248 0.700107 0
963 0.163248 0.567227 0
964 0.163248 0.324472 0
965 0.163248 0.245843 0
966 0.163248 0.140317 0
967 0.163248 0.10518 0
968 0.163248 0.04761 0
969 0.164399 0.897881 0
970 0.163823 0.877165 0
971 0.164399 0.78423 0
972 0.164399 0.534608 0
973 0.164399 0.502675 0
974 0.164399 0.417293 0
975 0.164399 0.181406 0
976 0.167278 0.955279 0
977 0.167278 0.93897 0
978 0.167278 0.860856 0
979 0.167278 0.813072 0
980 0.167854 0.76111 0
981 0.167854 0.749321 0
982 0.167278 0.732812 0
983 0.167854 0.672981 0
984 0.167854 0.555324 0
985 0.167278 0.466708 0
986 0.167278 0.336947 0
987 0.167278 0.257832 0
988 0.167854 0.193996 0
989 0.167278 0.120059 0
990 0.166702 0.092018 0
991 0.16843 0.62823 0
992 0.16843 0.61564 0
993 0.167854 0.599617 0
994 0.16843 0.433803 0
995 0.16843 0.299321 0
996 0.170733 0.08043 0
997 0.171885 0.926237 0
998 0.171885 0.849124 0
999 0.171885 0.720937 0
1000 0.171885 0.575725 0
1001 0.171885 0.515494 0
1002 0.171885 0.491173 0
1003 0.171885 0.385447 0
1004 0.171885 0.373858 0
1005 0.171885 0.234369 0
1006 0.171885 0.152964 0
1007 0.171885 0.031358 0
1008 0.173036 0.769007 0
1009 0.172461 0.542963 0
1010 0.173036 0.313198 0
1011 0.173036 0.284299 0
1012 0.174764 0.688089 0
1013 0.174764 0.120402 0
1014 0.174764 0.10106 0
1015 0.174764 0.015335 0
1016 0.175916 0.975595 0
1017 0.175916 0.914134 0
1018 0.175916 0.869268 0
1019 0.175916 0.825204 0
1020 0.175916 0.797048 0
1021 0.175916 0.65238 0
1022 0.175916 0.636585 0
1023 0.175916 0.450485 0
1024 0.175916 0.361555 0
1025 0.175916 0.325388 0
1026 0.175916 0.267589 0
1027 0.175916 0.24653 0
1028 0.17534 0.223067 0
1029 0.17534 0.201893 0
1030 0.175916 0.170762 0
1031 0.175916 0.059628 0
1032 0.175916 0.044177 0
1033 0.176491 0.402186 0
1034 0.178795 0.089157 0
1035 0.179946 0.950988 0
1036 0.179946 0.89791 0
1037 0.179946 0.881743 0
1038 0.179946 0.757705 0
1039 0.179946 0.728806 0
1040 0.179946 0.709063 0
1041 0.179946 0.669004 0
1042 0.179946 0.623938 0
1043 0.179946 0.608201 0
1044 0.179946 0.595754 0
1045 0.179946 0.526939 0
1046 0.179946 0.503906 0
1047 0.179946 0.478869 0
1048 0.180522 0.434461 0
1049 0.179946 0.186299 0
1050 0.181098 0.300322 0
1051 0.183401 0.938827 0
1052 0.183401 0.812929 0
1053 0.183401 0.696187 0
1054 0.183977 0.58325 0
1055 0.183401 0.559415 0
1056 0.183401 0.133221 0
1057 0.184553 0.840397 0
1058 0.184553 0.784029 0
1059 0.184553 0.744972 0
1060 0.183977 0.716931 0
1061 0.184553 0.538814 0
1062 0.184553 0.49103 0
1063 0.185129 0.421757 0
1064 0.184553 0.373858 0
1065 0.183977 0.33752 0
1066 0.184553 0.313914 0
1067 0.184553 0.258833 0
1068 0.184553 0.234941 0
1069 0.184553 0.145811 0
1070 0.187432 0.971017 0
1071 0.187432 0.921573 0
1072 0.187432 0.828408 0
1073 0.187432 0.68786 0
1074 0.187432 0.442587 0
1075 0.187432 0.162521 0
1076 0.187432 0.113993 0
1077 0.187432 0.077254 0
1078 0.188008 0.983034 0
1079 0.188008 0.905922 0
1080 0.188008 0.857565 0
1081 0.188008 0.515351 0
1082 0.188008 0.463704 0
1083 0.188008 0.389453 0
1084 0.188008 0.349108 0
1085 0.188008 0.288877 0
1086 0.191462 0.80134 0
1087 0.192038 0.676072 0
1088 0.191462 0.097311 0
1089 0.191462 0.012759 0
1090 0.192614 0.958856 0
1091 0.192614 0.946982 0
1092 0.192614 0.889612 0
1093 0.192614 0.873446 0
1094 0.192614 0.768864 0
1095 0.192614 0.728806 0
1096 0.192614 0.70892 0
1097 0.192038 0.69633 0
1098 0.192614 0.660849 0
1099 0.192614 0.643681 0
1100 0.192614 0.61564 0
1101 0.192614 0.604052 0
1102 0.192038 0.575391 0
1103 0.192614 0.531231 0
1104 0.192614 0.503763 0
1105 0.192614 0.454834 0
1106 0.192614 0.406478 0
1107 0.192614 0.32493 0
1108 0.192614 0.276001 0
1109 0.192038 0.222685 0
1110 0.192614 0.190448 0
1111 0.192614 0.05711 0
1112 0.192614 0.040371 0
1113 0.192038 0.027924 0
1114 0.196069 0.840254 0
1115 0.196645 0.250764 0
1116 0.196069 0.207329 0
1117 0.196069 0.137656 0
1118 0.196069 0.125209 0
1119 0.197221 0.784315 0
1120 0.197221 0.753556 0
1121 0.197221 0.717074 0
1122 0.197796 0.542963 0
1123 0.197221 0.478869 0
1124 0.197221 0.361269 0
1125 0.197221 0.341525 0
1126 0.197221 0.304185 0
1127 0.197221 0.17471 0
1128 0.197221 0.068984 0
1129 0.199524 0.918225 0
1130 0.2001 0.490429 0
1131 0.2001 0.262782 0
1132 0.2001 0.234855 0
1133 0.199524 0.081145 0
1134 0.2001 0.813072 0
1135 0.200676 0.736388 0
1136 0.2001 0.631282 0
1137 0.2001 0.583021 0
1138 0.200676 0.519643 0
1139 0.200676 0.434232 0
1140 0.200676 0.158401 0
1141 0.204706 0.982805 0
1142 0.204706 0.962891 0
1143 0.20413 0.938541 0
1144 0.20413 0.828094 0
1145 0.20413 0.80506 0
1146 0.20413 0.652122 0
1147 0.20413 0.612064 0
1148 0.20413 0.595468 0
1149 0.20413 0.563421 0
1150 0.20413 0.459269 0
1151 0.204706 0.242867 0
1152 0.20413 0.109472 0
1153 0.20413 0.032216 0
1154 0.20413 0.016479 0
1155 0.205282 0.897767 0
1156 0.205282 0.860713 0
1157 0.205282 0.668575 0
1158 0.205282 0.421643 0
1159 0.205282 0.38559 0
1160 0.205282 0.373572 0
1161 0.205282 0.316632 0
1162 0.205282 0.288591 0
1163 0.204706 0.182436 0
1164 0.207585 0.096739 0
1165 0.208737 0.950988 0
1166 0.208737 0.926237 0
1167 0.209313 0.881629 0
1168 0.208737 0.792613 0
1169 0.208737 0.776304 0
1170 0.208737 0.716931 0
1171 0.208737 0.699763 0
1172 0.208737 0.684312 0
1173 0.209313 0.639675 0
1174 0.208737 0.627658 0
1175 0.209313 0.531289 0
1176 0.209313 0.507482 0
1177 0.209313 0.357549 0
1178 0.208737 0.328936 0
1179 0.209313 0.275829 0
1180 0.208737 0.219776 0
1181 0.208737 0.193881 0
1182 0.208737 0.145096 0
1183 0.208737 0.129072 0
1184 0.208737 0.048097 0
1185 0.212768 0.905893 0
1186 0.212192 0.760566 0
1187 0.212192 0.744829 0
1188 0.212192 0.591462 0
1189 0.212192 0.579588 0
1190 0.212768 0.490543 0
1191 0.212192 0.438667 0
1192 0.212192 0.262982 0
1193 0.212192 0.117341 0
1194 0.212192 0.068984 0
1195 0.213343 0.542963 0
1196 0.213343 0.42994 0
1197 0.213343 0.304614 0
1198 0.216222 0.202122 0
1199 0.215647 0.084149 0
1200 0.216798 0.869154 0
1201 0.216798 0.857136 0
1202 0.216798 0.844117 0
1203 0.216798 0.812786 0
1204 0.216798 0.728663 0
1205 0.216798 0.619646 0
1206 0.216798 0.519357 0
1207 0.216798 0.475149 0
1208 0.216798 0.389167 0
1209 0.216798 0.345245 0
1210 0.217374 0.316689 0
1211 0.216798 0.24653 0
1212 0.216798 0.231365 0
1213 0.216798 0.174424 0
1214 0.216798 0.162407 0
1215 0.216798 0.137513 0
1216 0.216798 0.024348 0
1217 0.21795 0.418066 0
1218 0.21795 0.284299 0
1219 0.220829 0.98704 0
1220 0.220829 0.971017 0
1221 0.220829 0.95465 0
1222 0.220829 0.888954 0
1223 0.220829 0.783543 0
1224 0.220829 0.768664 0
1225 0.220253 0.712353 0
1226 0.220829 0.672638 0
1227 0.220829 0.656386 0
1228 0.220829 0.639904 0
1229 0.220829 0.604195 0
1230 0.220253 0.559558 0
1231 0.220829 0.502904 0
1232 0.220829 0.406535 0
1233 0.220829 0.369795 0
1234 0.220829 0.333399 0
1235 0.220253 0.105323 0
1236 0.220829 0.036394 0
1237 0.220829 0.012359 0
1238 0.223708 0.937968 0
1239 0.223708 0.92123 0
1240 0.223708 0.828094 0
1241 0.223708 0.801483 0
1242 0.223708 0.69633 0
1243 0.224284 0.454605 0
1244 0.224284 0.442015 0
1245 0.224284 0.14501 0
1246 0.223708 0.117198 0
1247 0.223708 0.092733 0
1248 0.22486 0.75699 0
1249 0.22486 0.740966 0
1250 0.22486 0.591319 0
1251 0.22486 0.530945 0
1252 0.225205 0.479098 0
1253 0.22486 0.425791 0
1254 0.22486 0.385304 0
1255 0.22486 0.357406 0
1256 0.22486 0.182293 0
1257 0.22486 0.158258 0
1258 0.22486 0.068984 0
1259 0.22486 0.056538 0
1260 0.228315 0.962862 0
1261 0.22889 0.857136 0
1262 0.228315 0.57501 0
1263 0.228315 0.222637 0
1264 0.228315 0.210477 0
1265 0.22889 0.129101 0
1266 0.22889 0.076452 0
1267 0.228315 0.044091 0
1268 0.229466 0.728377 0
1269 0.229466 0.631378 0
1270 0.229466 0.546682 0
1271 0.229466 0.514922 0
1272 0.229466 0.486738 0
1273 0.229466 0.397321 0
1274 0.229466 0.304471 0
1275 0.229466 0.291882 0
1276 0.229466 0.275715 0
1277 0.233497 0.978227 0
1278 0.233497 0.913447 0
1279 0.233497 0.873045 0
1280 0.233497 0.844088 0
1281 0.233497 0.813072 0
1282 0.233497 0.764887 0
1283 0.233497 0.712353 0
1284 0.233497 0.684312 0
1285 0.233497 0.430112 0
1286 0.233497 0.413631 0
1287 0.233497 0.364645 0
1288 0.233497 0.341297 0
1289 0.233497 0.325044 0
1290 0.233497 0.258089 0
1291 0.233497 0.238518 0
1292 0.232921 0.105323 0
1293 0.232921 0.03193 0
1294 0.234073 0.787892 0
1295 0.234073 0.668146 0
1296 0.236952 0.933934 0
1297 0.236952 0.619532 0
1298 0.236952 0.607858 0
1299 0.236952 0.582792 0
1300 0.236952 0.559444 0
1301 0.236952 0.17431 0
1302 0.236376 0.162264 0
1303 0.236376 0.117198 0
1304 0.236376 0.096596 0
1305 0.236376 0.020199 0
1306 0.237528 0.950415 0
1307 0.237528 0.901916 0
1308 0.237528 0.824517 0
1309 0.236952 0.749169 0
1310 0.236952 0.736388 0
1311 0.236952 0.699763 0
1312 0.237528 0.652122 0
1313 0.237528 0.530659 0
1314 0.237528 0.502904 0
1315 0.237528 0.470857 0
1316 0.237528 0.441672 0
1317 0.237528 0.250106 0
1318 0.237528 0.227216 0
1319 0.237528 0.189589 0
1320 0.240982 0.962862 0
1321 0.241558 0.796362 0
1322 0.240982 0.57129 0
1323 0.240982 0.201893 0
1324 0.241558 0.14913 0
1325 0.240982 0.039942 0
1326 0.242134 0.779594 0
1327 0.242134 0.723941 0
1328 0.242134 0.635813 0
1329 0.242134 0.401041 0
1330 0.242134 0.291882 0
1331 0.242134 0.064549 0
1332 0.245013 0.921115 0
1333 0.245013 0.856793 0
1334 0.245013 0.808494 0
1335 0.245013 0.712468 0
1336 0.245589 0.48669 0
1337 0.245013 0.454147 0
1338 0.245589 0.348965 0
1339 0.245589 0.337424 0
1340 0.245013 0.132763 0
1341 0.245013 0.080573 0
1342 0.246165 0.885063 0
1343 0.246165 0.542963 0
1344 0.246165 0.514578 0
1345 0.246165 0.421185 0
1346 0.246165 0.38147 0
1347 0.246165 0.369223 0
1348 0.246165 0.308334 0
1349 0.246165 0.270679 0
1350 0.249044 0.978456 0
1351 0.249044 0.9012 0
1352 0.249044 0.873016 0
1353 0.249044 0.827951 0
1354 0.249044 0.744686 0
1355 0.249044 0.732382 0
1356 0.249044 0.691752 0
1357 0.249044 0.68002 0
1358 0.249044 0.615354 0
1359 0.249044 0.599045 0
1360 0.249044 0.579015 0
1361 0.249044 0.324644 0
1362 0.249044 0.249963 0
1363 0.249044 0.238375 0
1364 0.249044 0.222637 0
1365 0.249044 0.182007 0
1366 0.249044 0.170275 0
1367 0.249044 0.120774 0
1368 0.249044 0.10518 0
1369 0.249044 0.056395 0
1370 0.249044 0.027638 0
1371 0.249044 0.01233 0
1372 0.250196 0.660849 0
1373 0.250196 0.409196 0
1374 0.250196 0.193595 0
1375 0.253075 0.930157 0
1376 0.252499 0.808351 0
1377 0.252499 0.09259 0
1378 0.25365 0.958427 0
1379 0.25365 0.843974 0
1380 0.25365 0.776161 0
1381 0.25365 0.764858 0
1382 0.25365 0.643681 0
1383 0.25365 0.530659 0
1384 0.25365 0.470857 0
1385 0.254226 0.43778 0
1386 0.25365 0.360553 0
1387 0.25365 0.262553 0
1388 0.25365 0.144666 0
1389 0.25365 0.068984 0
1390 0.254802 0.295601 0
1391 0.256529 0.946524 0
1392 0.257105 0.820225 0
1393 0.256529 0.559215 0
1394 0.256529 0.128872 0
1395 0.256529 0.120631 0
1396 0.257105 0.080382 0
1397 0.257681 0.856793 0
1398 0.257681 0.836535 0
1399 0.257681 0.791898 0
1400 0.257681 0.720594 0
1401 0.257681 0.684198 0
1402 0.257681 0.631206 0
1403 0.257681 0.546625 0
1404 0.257681 0.499356 0
1405 0.257681 0.420727 0
1406 0.257681 0.393144 0
1407 0.257681 0.340839 0
1408 0.257681 0.162521 0
1409 0.257681 0.044062 0
1410 0.258257 0.672295 0
1411 0.26056 0.607486 0
1412 0.26056 0.582449 0
1413 0.26056 0.571004 0
1414 0.261136 0.454262 0
1415 0.261136 0.320695 0
1416 0.261136 0.201778 0
1417 0.261712 0.913504 0
1418 0.261712 0.885177 0
1419 0.261136 0.801436 0
1420 0.261712 0.736245 0
1421 0.261136 0.695757 0
1422 0.261712 0.518928 0
1423 0.261712 0.486881 0
1424 0.261712 0.409053 0
1425 0.261712 0.372857 0
1426 0.262288 0.284185 0
1427 0.261712 0.237946 0
1428 0.261712 0.214626 0
1429 0.261712 0.185869 0
1430 0.265167 0.937825 0
1431 0.265167 0.925522 0
1432 0.265167 0.824088 0
1433 0.265742 0.752869 0
1434 0.265742 0.619074 0
1435 0.265742 0.595039 0
1436 0.265167 0.140517 0
1437 0.265167 0.113192 0
1438 0.265167 0.101031 0
1439 0.265167 0.060114 0
1440 0.265167 0.027352 0
1441 0.265167 0.01233 0
1442 0.266318 0.982462 0
1443 0.266318 0.967011 0
1444 0.266318 0.897767 0
1445 0.266318 0.869011 0
1446 0.266318 0.676014 0
1447 0.266318 0.656128 0
1448 0.266318 0.538385 0
1449 0.266318 0.52651 0
1450 0.266318 0.332798 0
1451 0.266318 0.270708 0
1452 0.26747 0.304328 0
1453 0.269197 0.708805 0
1454 0.269197 0.574895 0
1455 0.269197 0.441672 0
1456 0.269197 0.254541 0
1457 0.269197 0.165955 0
1458 0.269197 0.15325 0
1459 0.269197 0.088584 0
1460 0.269773 0.779451 0
1461 0.269773 0.66414 0
1462 0.269773 0.639532 0
1463 0.269773 0.429654 0
1464 0.269773 0.360553 0
1465 0.269773 0.291595 0
1466 0.269773 0.071417 0
1467 0.273228 0.801197 0
1468 0.273804 0.222494 0
1469 0.273228 0.206328 0
1470 0.273228 0.129072 0
1471 0.27438 0.885177 0
1472 0.27438 0.852558 0
1473 0.27438 0.835962 0
1474 0.273804 0.816315 0
1475 0.27438 0.74068 0
1476 0.27438 0.723941 0
1477 0.27438 0.502904 0
1478 0.27438 0.486738 0
1479 0.27438 0.470571 0
1480 0.27438 0.458411 0
1481 0.27438 0.413631 0
1482 0.27438 0.397178 0
1483 0.27438 0.385018 0
1484 0.27438 0.193452 0
1485 0.27438 0.177858 0
1486 0.27438 0.047954 0
1487 0.277835 0.959285 0
1488 0.277835 0.947125 0
1489 0.277835 0.691608 0
1490 0.277835 0.607056 0
1491 0.27841 0.558757 0
1492 0.277835 0.237946 0
1493 0.27841 0.140661 0
1494 0.277835 0.112763 0
1495 0.278986 0.909928 0
1496 0.278986 0.768292 0
1497 0.278986 0.627515 0
1498 0.278986 0.538385 0
1499 0.278986 0.425505 0
1500 0.278986 0.372714 0
1501 0.278986 0.348822 0
1502 0.278986 0.332512 0
1503 0.279562 0.312798 0
1504 0.278986 0.279864 0
1505 0.278986 0.064406 0
1506 0.281865 0.978914 0
1507 0.281865 0.87728 0
1508 0.281865 0.590918 0
1509 0.281865 0.578672 0
1510 0.281865 0.449912 0
1511 0.281865 0.262324 0
1512 0.281865 0.153365 0
1513 0.281865 0.043833 0
1514 0.281865 0.031358 0
1515 0.281865 0.015563 0
1516 0.282441 0.894333 0
1517 0.282441 0.784315 0
1518 0.282441 0.676443 0
1519 0.282441 0.664569 0
1520 0.282441 0.647544 0
1521 0.282441 0.525938 0
1522 0.282441 0.514493 0
1523 0.282441 0.075995 0
1524 0.28532 0.201321 0
1525 0.28532 0.088127 0
1526 0.285896 0.930529 0
1527 0.285896 0.861571 0
1528 0.285896 0.80506 0
1529 0.286472 0.757676 0
1530 0.285896 0.713498 0
1531 0.285896 0.499041 0
1532 0.285896 0.462703 0
1533 0.286472 0.438009 0
1534 0.286472 0.38868 0
1535 0.285896 0.364559 0
1536 0.285896 0.245957 0
1537 0.285896 0.219061 0
1538 0.285896 0.169846 0
1539 0.285896 0.100602 0
1540 0.287048 0.546969 0
1541 0.287048 0.405476 0
1542 0.287048 0.295601 0
1543 0.289927 0.120631 0
1544 0.290503 0.967297 0
1545 0.291078 0.902345 0
1546 0.290503 0.836821 0
1547 0.290503 0.816648 0
1548 0.290503 0.741539 0
1549 0.290503 0.729521 0
1550 0.290503 0.69633 0
1551 0.289927 0.684884 0
1552 0.290503 0.636528 0
1553 0.290503 0.619646 0
1554 0.290503 0.571719 0
1555 0.290503 0.559701 0
1556 0.290503 0.478869 0
1557 0.290503 0.3534 0
1558 0.290503 0.340953 0
1559 0.290503 0.230506 0
1560 0.291078 0.185641 0
1561 0.290503 0.13222 0
1562 0.290503 0.056395 0
1563 0.293382 0.019798 0
1564 0.293382 0.008353 0
1565 0.293957 0.955423 0
1566 0.293957 0.942976 0
1567 0.293957 0.886035 0
1568 0.293957 0.828523 0
1569 0.294533 0.772899 0
1570 0.293957 0.595611 0
1571 0.293957 0.515494 0
1572 0.293957 0.487739 0
1573 0.293957 0.446822 0
1574 0.293957 0.325502 0
1575 0.293957 0.162264 0
1576 0.293957 0.071417 0
1577 0.293957 0.043948 0
1578 0.295109 0.418209 0
1579 0.295109 0.397751 0
1580 0.295109 0.373572 0
1581 0.295109 0.309479 0
1582 0.295109 0.27643 0
1583 0.298564 0.918273 0
1584 0.297412 0.259119 0
1585 0.297412 0.207472 0
1586 0.297412 0.109758 0
1587 0.297412 0.097455 0
1588 0.298564 0.979028 0
1589 0.298564 0.870012 0
1590 0.298564 0.857422 0
1591 0.298564 0.796714 0
1592 0.298564 0.784458 0
1593 0.298564 0.717217 0
1594 0.298564 0.705343 0
1595 0.298564 0.648259 0
1596 0.298564 0.608344 0
1597 0.298564 0.531231 0
1598 0.298564 0.385876 0
1599 0.298564 0.174996 0
1600 0.29914 0.543726 0
1601 0.299716 0.434232 0
1602 0.302595 0.902345 0
1603 0.302019 0.836535 0
1604 0.302019 0.816648 0
1605 0.302595 0.74955 0
1606 0.302595 0.676758 0
1607 0.302595 0.665198 0
1608 0.302595 0.592063 0
1609 0.302019 0.568142 0
1610 0.302595 0.555553 0
1611 0.302595 0.487796 0
1612 0.302595 0.471086 0
1613 0.302595 0.455292 0
1614 0.302019 0.353543 0
1615 0.302595 0.292311 0
1616 0.302595 0.271709 0
1617 0.302595 0.243096 0
1618 0.302019 0.220062 0
1619 0.302595 0.186442 0
1620 0.302595 0.150046 0
1621 0.302595 0.0602 0
1622 0.305474 0.934392 0
1623 0.305474 0.828094 0
1624 0.306049 0.321496 0
1625 0.305474 0.129358 0
1626 0.305474 0.040514 0
1627 0.306625 0.79247 0
1628 0.306625 0.772727 0
1629 0.306625 0.761568 0
1630 0.306049 0.724943 0
1631 0.306625 0.635956 0
1632 0.306625 0.624224 0
1633 0.306049 0.599998 0
1634 0.306625 0.503906 0
1635 0.306625 0.370139 0
1636 0.306625 0.333514 0
1637 0.306625 0.304901 0
1638 0.306625 0.166556 0
1639 0.309504 0.085151 0
1640 0.31008 0.988042 0
1641 0.31008 0.975452 0
1642 0.31008 0.959428 0
1643 0.31008 0.881457 0
1644 0.31008 0.865577 0
1645 0.31008 0.844689 0
1646 0.31008 0.80506 0
1647 0.31008 0.712925 0
1648 0.31008 0.700765 0
1649 0.31008 0.571719 0
1650 0.31008 0.25497 0
1651 0.31008 0.141233 0
1652 0.31008 0.11777 0
1653 0.31008 0.101317 0
1654 0.310656 0.072561 0
1655 0.31008 0.032503 0
1656 0.31008 0.016479 0
1657 0.311232 0.547541 0
1658 0.311232 0.519643 0
1659 0.311232 0.426221 0
1660 0.311232 0.410197 0
1661 0.311232 0.397607 0
1662 0.311232 0.288734 0
1663 0.311232 0.19803 0
1664 0.314687 0.926237 0
1665 0.314687 0.914363 0
1666 0.315263 0.780453 0
1667 0.315263 0.740966 0
1668 0.314687 0.685027 0
1669 0.314687 0.563564 0
1670 0.314687 0.478869 0
1671 0.314687 0.455263 0
1672 0.314687 0.38187 0
1673 0.315263 0.313485 0
1674 0.315263 0.276516 0
1675 0.314687 0.227073 0
1676 0.314687 0.215484 0
1677 0.314687 0.178001 0
1678 0.314687 0.154252 0
1679 0.318142 0.950701 0
1680 0.318717 0.495007 0
1681 0.318142 0.44253 0
1682 0.318717 0.341411 0
1683 0.318142 0.329079 0
1684 0.318142 0.048383 0
1685 0.319293 0.89419 0
1686 0.319293 0.877308 0
1687 0.318717 0.816505 0
1688 0.319293 0.768864 0
1689 0.319293 0.757705 0
1690 0.319293 0.720937 0
1691 0.319293 0.709349 0
1692 0.319293 0.648402 0
1693 0.318717 0.62823 0
1694 0.318717 0.608201 0
1695 0.318717 0.587599 0
1696 0.319293 0.535237 0
1697 0.319293 0.511774 0
1698 0.319293 0.357406 0
1699 0.319293 0.189875 0
1700 0.319293 0.162407 0
1701 0.321596 0.092876 0
1702 0.322748 0.832529 0
1703 0.322748 0.801483 0
1704 0.322748 0.61564 0
1705 0.323324 0.254656 0
1706 0.323324 0.238747 0
1707 0.322748 0.202131 0
1708 0.322748 0.14109 0
1709 0.322748 0.121204 0
1710 0.322748 0.064549 0
1711 0.3239 0.869297 0
1712 0.323324 0.668861 0
1713 0.3239 0.555696 0
1714 0.3239 0.295887 0
1715 0.326779 0.987841 0
1716 0.326779 0.975595 0
1717 0.326779 0.93897 0
1718 0.326779 0.921802 0
1719 0.326779 0.849239 0
1720 0.326779 0.740852 0
1721 0.326779 0.728949 0
1722 0.326779 0.688089 0
1723 0.327355 0.656462 0
1724 0.327355 0.643777 0
1725 0.326779 0.463876 0
1726 0.326779 0.178087 0
1727 0.326203 0.105609 0
1728 0.326779 0.044863 0
1729 0.326779 0.032388 0
1730 0.326779 0.012359 0
1731 0.32793 0.906351 0
1732 0.32793 0.543421 0
1733 0.32793 0.426221 0
1734 0.32793 0.405848 0
1735 0.32793 0.389596 0
1736 0.32793 0.373343 0
1737 0.32793 0.284413 0
1738 0.32793 0.267703 0
1739 0.330234 0.219862 0
1740 0.329658 0.084436 0
1741 0.330809 0.885749 0
1742 0.330809 0.816505 0
1743 0.330809 0.760996 0
1744 0.330809 0.716931 0
1745 0.330809 0.595611 0
1746 0.330809 0.499328 0
1747 0.330809 0.482589 0
1748 0.330809 0.162407 0
1749 0.330809 0.141233 0
1750 0.330809 0.071989 0
1751 0.331961 0.519214 0
1752 0.331961 0.316632 0
1753 0.331385 0.300322 0
1754 0.335416 0.955279 0
1755 0.335416 0.836535 0
1756 0.335416 0.784458 0
1757 0.335416 0.744972 0
1758 0.335416 0.696187 0
1759 0.335416 0.652551 0
1760 0.335416 0.631378 0
1761 0.335416 0.615926 0
1762 0.335416 0.57129 0
1763 0.335992 0.559787 0
1764 0.335416 0.531231 0
1765 0.335416 0.471 0
1766 0.335416 0.381441 0
1767 0.335416 0.345531 0
1768 0.335416 0.333514 0
1769 0.335416 0.250106 0
1770 0.335416 0.193881 0
1771 0.335416 0.153823 0
1772 0.335992 0.538957 0
1773 0.338295 0.801626 0
1774 0.338295 0.684884 0
1775 0.338871 0.231555 0
1776 0.338295 0.210477 0
1777 0.338295 0.096711 0
1778 0.338295 0.02781 0
1779 0.338295 0.016479 0
1780 0.339447 0.983378 0
1781 0.339447 0.96312 0
1782 0.339447 0.918254 0
1783 0.339447 0.877165 0
1784 0.339447 0.857136 0
1785 0.339447 0.668747 0
1786 0.339447 0.515494 0
1787 0.339447 0.490543 0
1788 0.339447 0.442244 0
1789 0.339447 0.409968 0
1790 0.339447 0.365446 0
1791 0.339447 0.271251 0
1792 0.338871 0.132935 0
1793 0.339447 0.064549 0
1794 0.339447 0.047839 0
1795 0.342326 0.942404 0
1796 0.342326 0.813072 0
1797 0.342326 0.709206 0
1798 0.342902 0.607514 0
1799 0.342902 0.595497 0
1800 0.342902 0.583136 0
1801 0.342902 0.571576 0
1802 0.342902 0.478755 0
1803 0.342326 0.242953 0
1804 0.342326 0.113764 0
1805 0.343477 0.772012 0
1806 0.343477 0.757562 0
1807 0.343477 0.288734 0
1808 0.343477 0.258547 0
1809 0.343477 0.170848 0
1810 0.343477 0.080716 0
1811 0.346932 0.930386 0
1812 0.346932 0.467138 0
1813 0.346932 0.455263 0
1814 0.347508 0.341411 0
1815 0.346932 0.32493 0
1816 0.347508 0.186213 0
1817 0.346932 0.036222 0
1818 0.348084 0.897767 0
1819 0.348084 0.728806 0
1820 0.347508 0.643681 0
1821 0.348084 0.559415 0
1822 0.348084 0.546969 0
1823 0.348084 0.526939 0
1824 0.348084 0.426221 0
1825 0.348084 0.394031 0
1826 0.348084 0.377149 0
1827 0.348084 0.304471 0
1828 0.350963 0.844088 0
1829 0.350963 0.828179 0
1830 0.350963 0.804831 0
1831 0.350963 0.687746 0
1832 0.350963 0.627887 0
1833 0.350963 0.579473 0
1834 0.350963 0.507482 0
1835 0.350963 0.487339 0
1836 0.350963 0.442473 0
1837 0.350963 0.22238 0
1838 0.350963 0.140661 0
1839 0.350963 0.100945 0
1840 0.352115 0.788579 0
1841 0.352115 0.740966 0
1842 0.351539 0.656271 0
1843 0.352115 0.271022 0
1844 0.354418 0.206585 0
1845 0.353842 0.113621 0
1846 0.353842 0.088728 0
1847 0.354994 0.987326 0
1848 0.354994 0.974593 0
1849 0.354994 0.955279 0
1850 0.354994 0.938684 0
1851 0.355569 0.885635 0
1852 0.354994 0.869154 0
1853 0.354994 0.856707 0
1854 0.354994 0.757562 0
1855 0.354994 0.709063 0
1856 0.354994 0.611778 0
1857 0.354994 0.567999 0
1858 0.354994 0.249963 0
1859 0.354994 0.153823 0
1860 0.354994 0.071989 0
1861 0.354994 0.056538 0
1862 0.354994 0.027924 0
1863 0.354994 0.012473 0
1864 0.356145 0.91379 0
1865 0.355569 0.776447 0
1866 0.356145 0.5195 0
1867 0.356145 0.413917 0
1868 0.356145 0.357406 0
1869 0.3596 0.816505 0
1870 0.3596 0.595182 0
1871 0.3596 0.238518 0
1872 0.360176 0.189532 0
1873 0.360176 0.170876 0
1874 0.3596 0.125209 0
1875 0.360176 0.728758 0
1876 0.360752 0.668718 0
1877 0.360752 0.652265 0
1878 0.360752 0.462846 0
1879 0.361328 0.313141 0
1880 0.360752 0.295744 0
1881 0.360176 0.039942 0
1882 0.363631 0.848667 0
1883 0.363631 0.836535 0
1884 0.363631 0.740623 0
1885 0.363631 0.720937 0
1886 0.363631 0.696215 0
1887 0.363631 0.680535 0
1888 0.363631 0.611749 0
1889 0.363631 0.475321 0
1890 0.363631 0.45037 0
1891 0.363631 0.328936 0
1892 0.363631 0.257975 0
1893 0.364207 0.905779 0
1894 0.364207 0.768578 0
1895 0.364207 0.639675 0
1896 0.364207 0.546969 0
1897 0.364207 0.531374 0
1898 0.364207 0.48731 0
1899 0.364207 0.426221 0
1900 0.364207 0.397607 0
1901 0.364207 0.38559 0
1902 0.364207 0.280293 0
1903 0.367086 0.096596 0
1904 0.367662 0.963005 0
1905 0.368237 0.917796 0
1906 0.367662 0.877022 0
1907 0.367662 0.861142 0
1908 0.367662 0.623938 0
1909 0.367662 0.575439 0
1910 0.368237 0.563106 0
1911 0.367662 0.499328 0
1912 0.368237 0.369566 0
1913 0.367662 0.357406 0
1914 0.367662 0.345388 0
1915 0.367662 0.231078 0
1916 0.367662 0.214912 0
1917 0.367662 0.140947 0
1918 0.368813 0.79247 0
1919 0.368813 0.5195 0
1920 0.368813 0.409625 0
1921 0.371692 0.93382 0
1922 0.371692 0.113535 0
1923 0.371692 0.084006 0
1924 0.371692 0.016136 0
1925 0.372268 0.98704 0
1926 0.372268 0.974593 0
1927 0.372268 0.950558 0
1928 0.372268 0.894333 0
1929 0.372268 0.816648 0
1930 0.372268 0.757133 0
1931 0.372268 0.660849 0
1932 0.372268 0.603909 0
1933 0.372268 0.462989 0
1934 0.372844 0.438124 0
1935 0.372844 0.313256 0
1936 0.372844 0.288419 0
1937 0.372268 0.242953 0
1938 0.372268 0.197744 0
1939 0.372268 0.174138 0
1940 0.372268 0.158401 0
1941 0.372268 0.120774 0
1942 0.372268 0.068984 0
1943 0.372268 0.032073 0
1944 0.375723 0.843974 0
1945 0.376299 0.780109 0
1946 0.375723 0.740394 0
1947 0.375723 0.716931 0
1948 0.375723 0.69633 0
1949 0.375723 0.587313 0
1950 0.375723 0.546682 0
1951 0.375723 0.475435 0
1952 0.376299 0.426106 0
1953 0.375723 0.401041 0
1954 0.375723 0.328936 0
1955 0.375723 0.254827 0
1956 0.375723 0.05196 0
1957 0.376875 0.672438 0
1958 0.379754 0.563221 0
1959 0.379178 0.450256 0
1960 0.379178 0.128643 0
1961 0.379178 0.096596 0
1962 0.38033 0.905779 0
1963 0.38033 0.828094 0
1964 0.379754 0.808875 0
1965 0.38033 0.79247 0
1966 0.379754 0.728377 0
1967 0.38033 0.652265 0
1968 0.38033 0.635527 0
1969 0.38033 0.615783 0
1970 0.38033 0.534522 0
1971 0.38033 0.389453 0
1972 0.38033 0.369566 0
1973 0.38033 0.341525 0
1974 0.380905 0.320695 0
1975 0.380905 0.291738 0
1976 0.38033 0.267131 0
1977 0.38436 0.967011 0
1978 0.383784 0.942404 0
1979 0.38436 0.921573 0
1980 0.38436 0.765001 0
1981 0.383784 0.708776 0
1982 0.383784 0.684312 0
1983 0.38436 0.627658 0
1984 0.383784 0.575153 0
1985 0.383784 0.226929 0
1986 0.383784 0.206471 0
1987 0.38436 0.182321 0
1988 0.383784 0.144666 0
1989 0.383784 0.116768 0
1990 0.383784 0.043948 0
1991 0.384936 0.881314 0
1992 0.384936 0.864719 0
1993 0.384936 0.507482 0
1994 0.384936 0.486881 0
1995 0.384936 0.466565 0
1996 0.384936 0.413631 0
1997 0.384936 0.357549 0
1998 0.385512 0.304214 0
1999 0.384936 0.28015 0
2000 0.387239 0.982605 0
2001 0.387239 0.591176 0
2002 0.387239 0.245814 0
2003 0.387815 0.193881 0
2004 0.387239 0.03193 0
2005 0.387239 0.01233 0
2006 0.388391 0.748978 0
2007 0.388391 0.668003 0
2008 0.388391 0.555553 0
2009 0.388391 0.52279 0
2010 0.388391 0.437809 0
2011 0.388391 0.426078 0
2012 0.388391 0.373 0
2013 0.388391 0.333514 0
2014 0.388391 0.068412 0
2015 0.391846 0.839825 0
2016 0.391846 0.567284 0
2017 0.392422 0.266902 0
2018 0.392422 0.173737 0
2019 0.391846 0.161834 0
2020 0.391846 0.132506 0
2021 0.391846 0.109043 0
2022 0.392422 0.080229 0
2023 0.392997 0.893618 0
2024 0.392997 0.788464 0
2025 0.392997 0.776447 0
2026 0.392997 0.652122 0
2027 0.392997 0.312912 0
2028 0.392997 0.288305 0
2029 0.396452 0.942404 0
2030 0.397028 0.909327 0
2031 0.396452 0.852129 0
2032 0.396452 0.824517 0
2033 0.396452 0.760566 0
2034 0.396452 0.711924 0
2035 0.396452 0.687746 0
2036 0.396452 0.639532 0
2037 0.396452 0.627658 0
2038 0.396452 0.61564 0
2039 0.397028 0.53827 0
2040 0.396452 0.499471 0
2041 0.396452 0.486881 0
2042 0.396452 0.454834 0
2043 0.397028 0.405848 0
2044 0.397028 0.393373 0
2045 0.396452 0.344959 0
2046 0.397028 0.279835 0
2047 0.396452 0.254684 0
2048 0.396452 0.234512 0
2049 0.396452 0.047811 0
2050 0.396452 0.03193 0
2051 0.399907 0.983607 0
2052 0.399907 0.967583 0
2053 0.399907 0.926952 0
2054 0.399907 0.877738 0
2055 0.400483 0.740623 0
2056 0.399907 0.723941 0
2057 0.399907 0.599045 0
2058 0.400483 0.478297 0
2059 0.399907 0.214483 0
2060 0.399907 0.140661 0
2061 0.399907 0.096596 0
2062 0.399907 0.019913 0
2063 0.400483 0.88594 0
2064 0.401059 0.800911 0
2065 0.401059 0.660849 0
2066 0.401059 0.550116 0
2067 0.401059 0.511345 0
2068 0.401059 0.426078 0
2069 0.401059 0.369137 0
2070 0.401059 0.357406 0
2071 0.401059 0.300036 0
2072 0.401059 0.193595 0
2073 0.400483 0.068174 0
2074 0.404514 0.955566 0
2075 0.404514 0.86572 0
2076 0.404514 0.813644 0
2077 0.40509 0.773013 0
2078 0.404514 0.700908 0
2079 0.404514 0.582735 0
2080 0.404514 0.567141 0
2081 0.404514 0.494749 0
2082 0.40509 0.442015 0
2083 0.40509 0.324586 0
2084 0.404514 0.245957 0
2085 0.404514 0.2265 0
2086 0.404514 0.206471 0
2087 0.404514 0.182293 0
2088 0.404514 0.169846 0
2089 0.404514 0.158258 0
2090 0.404514 0.124923 0
2091 0.404514 0.08043 0
2092 0.405665 0.784745 0
2093 0.405665 0.312769 0
2094 0.405665 0.287876 0
2095 0.408544 0.939313 0
2096 0.408544 0.849697 0
2097 0.408544 0.833444 0
2098 0.408544 0.717732 0
2099 0.408544 0.612665 0
2100 0.408544 0.385361 0
2101 0.40912 0.371856 0
2102 0.408544 0.25786 0
2103 0.408544 0.035364 0
2104 0.409696 0.898797 0
2105 0.409696 0.761568 0
2106 0.40912 0.677016 0
2107 0.40912 0.628516 0
2108 0.40912 0.527941 0
2109 0.409696 0.414318 0
2110 0.411423 0.688461 0
2111 0.411423 0.1089 0
2112 0.413151 0.914363 0
2113 0.412575 0.821656 0
2114 0.412575 0.652838 0
2115 0.412575 0.576154 0
2116 0.413151 0.543764 0
2117 0.412575 0.472002 0
2118 0.412575 0.459412 0
2119 0.412575 0.34968 0
2120 0.412575 0.338235 0
2121 0.412575 0.132363 0
2122 0.413727 0.797048 0
2123 0.413727 0.301038 0
2124 0.414303 0.366514 0
2125 0.416606 0.930157 0
2126 0.41603 0.246673 0
2127 0.41603 0.231508 0
2128 0.41603 0.210906 0
2129 0.416606 0.158515 0
2130 0.417182 0.979028 0
2131 0.417182 0.964007 0
2132 0.417182 0.890327 0
2133 0.417182 0.877451 0
2134 0.417182 0.86572 0
2135 0.417182 0.784602 0
2136 0.417182 0.74998 0
2137 0.417182 0.729664 0
2138 0.417182 0.705486 0
2139 0.417182 0.665427 0
2140 0.417182 0.640391 0
2141 0.417182 0.512347 0
2142 0.417182 0.48359 0
2143 0.417182 0.267703 0
2144 0.417182 0.198459 0
2145 0.417182 0.186728 0
2146 0.417182 0.068412 0
2147 0.417182 0.052389 0
2148 0.417182 0.020199 0
2149 0.418333 0.316918 0
2150 0.420636 0.947077 0
2151 0.420061 0.809638 0
2152 0.420061 0.126239 0
2153 0.420061 0.101403 0
2154 0.420061 0.0895 0
2155 0.420636 0.036127 0
2156 0.421212 0.853245 0
2157 0.421212 0.769351 0
2158 0.421212 0.676758 0
2159 0.421212 0.595611 0
2160 0.421212 0.495465 0
2161 0.421212 0.421757 0
2162 0.421212 0.406764 0
2163 0.421212 0.394174 0
2164 0.421212 0.3825 0
2165 0.421212 0.358236 0
2166 0.420636 0.329937 0
2167 0.421212 0.289106 0
2168 0.421212 0.259005 0
2169 0.421212 0.239205 0
2170 0.421212 0.170876 0
2171 0.421788 0.556554 0
2172 0.422364 0.434232 0
2173 0.424091 0.837107 0
2174 0.424091 0.71779 0
2175 0.424091 0.692753 0
2176 0.424091 0.571719 0
2177 0.424667 0.154509 0
2178 0.424091 0.137656 0
2179 0.425243 0.898911 0
2180 0.425243 0.632379 0
2181 0.425243 0.616213 0
2182 0.425243 0.527798 0
2183 0.425243 0.346104 0
2184 0.425243 0.280436 0
2185 0.428698 0.930529 0
2186 0.429274 0.881743 0
2187 0.428698 0.821656 0
2188 0.429274 0.757676 0
2189 0.428698 0.729378 0
2190 0.428698 0.604338 0
2191 0.429274 0.47555 0
2192 0.428698 0.446822 0
2193 0.428698 0.113907 0
2194 0.428698 0.057539 0
2195 0.428698 0.044949 0
2196 0.42985 0.918368 0
2197 0.42985 0.797048 0
2198 0.42985 0.543964 0
2199 0.42985 0.389739 0
2200 0.42985 0.296746 0
2201 0.42985 0.19803 0
2202 0.432729 0.983607 0
2203 0.432729 0.96415 0
2204 0.432729 0.865606 0
2205 0.432729 0.849124 0
2206 0.432729 0.780224 0
2207 0.432729 0.587599 0
2208 0.432729 0.512175 0
2209 0.432729 0.487453 0
2210 0.433304 0.377769 0
2211 0.432729 0.329622 0
2212 0.432729 0.255228 0
2213 0.432729 0.238747 0
2214 0.432729 0.219633 0
2215 0.432729 0.178544 0
2216 0.432729 0.166412 0
2217 0.432729 0.101174 0
2218 0.432729 0.081259 0
2219 0.432729 0.028039 0
2220 0.432729 0.012473 0
2221 0.43388 0.668975 0
2222 0.43388 0.652723 0
2223 0.43388 0.434232 0
2224 0.43388 0.418552 0
2225 0.43388 0.309479 0
2226 0.436183 0.93897 0
2227 0.436759 0.837107 0
2228 0.436759 0.809495 0
2229 0.436759 0.71736 0
2230 0.437335 0.559902 0
2231 0.436759 0.531517 0
2232 0.436759 0.463704 0
2233 0.436759 0.361698 0
2234 0.436759 0.276573 0
2235 0.436759 0.207186 0
2236 0.436759 0.133221 0
2237 0.437911 0.76586 0
2238 0.437335 0.680879 0
2239 0.440214 0.7052 0
2240 0.440214 0.11777 0
2241 0.440214 0.105895 0
2242 0.440214 0.088728 0
2243 0.441366 0.955423 0
2244 0.441942 0.906236 0
2245 0.441366 0.890041 0
2246 0.441366 0.873589 0
2247 0.441366 0.753699 0
2248 0.441366 0.73739 0
2249 0.441366 0.661278 0
2250 0.441366 0.619932 0
2251 0.441366 0.604481 0
2252 0.441942 0.397722 0
2253 0.441366 0.349823 0
2254 0.441366 0.338235 0
2255 0.44079 0.24653 0
2256 0.441366 0.060543 0
2257 0.442517 0.296603 0
2258 0.445396 0.978914 0
2259 0.445396 0.967011 0
2260 0.445396 0.853016 0
2261 0.445396 0.821541 0
2262 0.445396 0.673439 0
2263 0.445396 0.636242 0
2264 0.445396 0.57169 0
2265 0.445396 0.487224 0
2266 0.445396 0.471086 0
2267 0.445396 0.455406 0
2268 0.445396 0.189646 0
2269 0.445396 0.174768 0
2270 0.445396 0.145696 0
2271 0.445396 0.072218 0
2272 0.445396 0.036165 0
2273 0.445396 0.020943 0
2274 0.445972 0.918368 0
2275 0.445972 0.796905 0
2276 0.445972 0.543678 0
2277 0.445972 0.523077 0
2278 0.445972 0.504049 0
2279 0.445972 0.438811 0
2280 0.445972 0.426793 0
2281 0.445972 0.410197 0
2282 0.448851 0.226958 0
2283 0.449427 0.206853 0
2284 0.449427 0.93897 0
2285 0.449427 0.861714 0
2286 0.449427 0.72108 0
2287 0.450003 0.68477 0
2288 0.449427 0.357549 0
2289 0.449427 0.263125 0
2290 0.449427 0.162407 0
2291 0.449427 0.096882 0
2292 0.449427 0.04824 0
2293 0.450003 0.772822 0
2294 0.450579 0.386019 0
2295 0.450579 0.373286 0
2296 0.450579 0.313055 0
2297 0.454034 0.95156 0
2298 0.454034 0.906208 0
2299 0.454034 0.877165 0
2300 0.454034 0.84054 0
2301 0.454034 0.784458 0
2302 0.454034 0.757705 0
2303 0.454034 0.660849 0
2304 0.454034 0.592034 0
2305 0.454034 0.345961 0
2306 0.454034 0.333514 0
2307 0.45461 0.280522 0
2308 0.454034 0.246243 0
2309 0.454034 0.133078 0
2310 0.454034 0.080716 0
2311 0.454034 0.027924 0
2312 0.455185 0.559701 0
2313 0.455185 0.414632 0
2314 0.45461 0.401041 0
2315 0.456913 0.9305 0
2316 0.456913 0.824975 0
2317 0.456913 0.809638 0
2318 0.456913 0.219519 0
2319 0.457489 0.894333 0
2320 0.457489 0.796905 0
2321 0.457489 0.744972 0
2322 0.457489 0.644254 0
2323 0.457489 0.624224 0
2324 0.457489 0.608058 0
2325 0.457489 0.546969 0
2326 0.457489 0.519643 0
2327 0.458064 0.430112 0
2328 0.457489 0.234941 0
2329 0.457489 0.178001 0
2330 0.457489 0.149817 0
2331 0.457489 0.064549 0
2332 0.45864 0.442816 0
2333 0.460943 0.971446 0
2334 0.460943 0.705343 0
2335 0.460943 0.692181 0
2336 0.460943 0.459269 0
2337 0.460943 0.255114 0
2338 0.461519 0.2067 0
2339 0.460943 0.113621 0
2340 0.461519 0.039713 0
2341 0.460943 0.020771 0
2342 0.461519 0.988185 0
2343 0.462095 0.86572 0
2344 0.462095 0.769293 0
2345 0.462095 0.531517 0
2346 0.462095 0.508341 0
2347 0.462095 0.490457 0
2348 0.462095 0.475292 0
2349 0.462095 0.353829 0
2350 0.462095 0.29646 0
2351 0.462095 0.26756 0
2352 0.462095 0.194167 0
2353 0.46555 0.959571 0
2354 0.46555 0.93897 0
2355 0.466126 0.836535 0
2356 0.46555 0.329079 0
2357 0.466126 0.166298 0
2358 0.46555 0.125782 0
2359 0.466702 0.91379 0
2360 0.466702 0.757562 0
2361 0.466702 0.729235 0
2362 0.466702 0.67673 0
2363 0.466126 0.575582 0
2364 0.466702 0.394031 0
2365 0.466702 0.378007 0
2366 0.466702 0.365561 0
2367 0.466702 0.084149 0
2368 0.469581 0.926151 0
2369 0.469581 0.852672 0
2370 0.469005 0.639675 0
2371 0.469005 0.599331 0
2372 0.469005 0.235227 0
2373 0.469005 0.215484 0
2374 0.469005 0.096596 0
2375 0.469005 0.060114 0
2376 0.469005 0.048097 0
2377 0.469005 0.028067 0
2378 0.470157 0.889755 0
2379 0.470157 0.873303 0
2380 0.470157 0.784458 0
2381 0.470157 0.740966 0
2382 0.470157 0.559701 0
2383 0.470157 0.547112 0
2384 0.470157 0.433946 0
2385 0.470157 0.421929 0
2386 0.470157 0.406621 0
2387 0.470157 0.316918 0
2388 0.470157 0.280293 0
2389 0.469581 0.149817 0
2390 0.473611 0.824374 0
2391 0.473611 0.720794 0
2392 0.473611 0.7052 0
2393 0.473611 0.692181 0
2394 0.473611 0.61607 0
2395 0.473611 0.583164 0
2396 0.473611 0.483018 0
2397 0.473611 0.466851 0
2398 0.473611 0.450685 0
2399 0.473611 0.249963 0
2400 0.473611 0.202036 0
2401 0.473611 0.182436 0
2402 0.473611 0.076424 0
2403 0.474763 0.515923 0
2404 0.474763 0.495179 0
2405 0.478218 0.978742 0
2406 0.478218 0.963148 0
2407 0.478218 0.946839 0
2408 0.478218 0.897767 0
2409 0.478218 0.84054 0
2410 0.478218 0.813072 0
2411 0.478794 0.796133 0
2412 0.478218 0.765574 0
2413 0.478218 0.736817 0
2414 0.478794 0.660735 0
2415 0.478218 0.648259 0
2416 0.478218 0.38559 0
2417 0.478218 0.36928 0
2418 0.478218 0.357692 0
2419 0.478218 0.337663 0
2420 0.478218 0.309336 0
2421 0.478218 0.295887 0
2422 0.478218 0.166412 0
2423 0.478218 0.137656 0
2424 0.478218 0.121633 0
2425 0.478218 0.10518 0
2426 0.478218 0.035936 0
2427 0.478218 0.024205 0
2428 0.478218 0.008467 0
2429 0.480521 0.09259 0
2430 0.481673 0.918368 0
2431 0.481673 0.881743 0
2432 0.481673 0.865577 0
2433 0.481673 0.780596 0
2434 0.481673 0.748978 0
2435 0.481097 0.688318 0
2436 0.481673 0.63567 0
2437 0.481673 0.568142 0
2438 0.481673 0.526939 0
2439 0.481673 0.503763 0
2440 0.481673 0.397464 0
2441 0.481673 0.267131 0
2442 0.481673 0.222637 0
2443 0.481673 0.060257 0
2444 0.482249 0.550974 0
2445 0.482249 0.538766 0
2446 0.482824 0.430083 0
2447 0.482824 0.414632 0
2448 0.486855 0.905893 0
2449 0.486279 0.824517 0
2450 0.486279 0.716931 0
2451 0.486279 0.627801 0
2452 0.486279 0.611778 0
2453 0.486279 0.592034 0
2454 0.486279 0.475292 0
2455 0.486279 0.45884 0
2456 0.486855 0.446479 0
2457 0.486279 0.341382 0
2458 0.486855 0.325388 0
2459 0.486279 0.21062 0
2460 0.486279 0.153823 0
2461 0.487431 0.676873 0
2462 0.487431 0.664855 0
2463 0.486855 0.643681 0
2464 0.487431 0.284299 0
2465 0.49031 0.987727 0
2466 0.49031 0.971131 0
2467 0.49031 0.955451 0
2468 0.49031 0.938855 0
2469 0.49031 0.889641 0
2470 0.49031 0.84901 0
2471 0.49031 0.724943 0
2472 0.49031 0.579702 0
2473 0.49031 0.486881 0
2474 0.49031 0.377464 0
2475 0.49031 0.353543 0
2476 0.49031 0.258204 0
2477 0.49031 0.245957 0
2478 0.49031 0.234512 0
2479 0.49031 0.193881 0
2480 0.49031 0.084006 0
2481 0.49031 0.068097 0
2482 0.49031 0.047725 0
2483 0.49031 0.032274 0
2484 0.49031 0.01625 0
2485 0.491462 0.313141 0
2486 0.491462 0.295859 0
2487 0.494341 0.805346 0
2488 0.493189 0.222494 0
2489 0.493189 0.100888 0
2490 0.494341 0.873159 0
2491 0.494917 0.765574 0
2492 0.494341 0.740823 0
2493 0.494341 0.709063 0
2494 0.494341 0.696187 0
2495 0.494341 0.546969 0
2496 0.494341 0.531374 0
2497 0.494341 0.51578 0
2498 0.494341 0.421786 0
2499 0.494341 0.406621 0
2500 0.494341 0.389596 0
2501 0.494341 0.182293 0
2502 0.494341 0.166269 0
2503 0.494341 0.140804 0
2504 0.494917 0.43366 0
2505 0.497796 0.599331 0
2506 0.497796 0.121204 0
2507 0.499523 0.918254 0
2508 0.498947 0.902345 0
2509 0.498947 0.861428 0
2510 0.498947 0.788464 0
2511 0.498947 0.660706 0
2512 0.498947 0.499471 0
2513 0.498947 0.462989 0
2514 0.498947 0.333657 0
2515 0.498947 0.15368 0
2516 0.501826 0.946409 0
2517 0.501826 0.9305 0
2518 0.501826 0.824975 0
2519 0.501826 0.753556 0
2520 0.501826 0.716931 0
2521 0.502402 0.631091 0
2522 0.502402 0.611634 0
2523 0.502402 0.587409 0
2524 0.501826 0.210477 0
2525 0.501826 0.04761 0
2526 0.502978 0.559329 0
2527 0.502978 0.538499 0
2528 0.502978 0.478869 0
2529 0.502978 0.369109 0
2530 0.502402 0.262553 0
2531 0.502402 0.249963 0
2532 0.50413 0.320924 0
2533 0.503554 0.288877 0
2534 0.505857 0.978599 0
2535 0.505857 0.958713 0
2536 0.506433 0.848781 0
2537 0.505857 0.691752 0
2538 0.505857 0.571576 0
2539 0.506433 0.193652 0
2540 0.505857 0.140661 0
2541 0.505857 0.109186 0
2542 0.505857 0.095738 0
2543 0.505857 0.035793 0
2544 0.505857 0.024062 0
2545 0.505857 0.008181 0
2546 0.507009 0.885463 0
2547 0.507009 0.776304 0
2548 0.507009 0.740966 0
2549 0.507009 0.68002 0
2550 0.507009 0.669004 0
2551 0.507009 0.647687 0
2552 0.507009 0.526939 0
2553 0.507009 0.490314 0
2554 0.507009 0.413917 0
2555 0.507009 0.397321 0
2556 0.507009 0.385733 0
2557 0.507009 0.349108 0
2558 0.507009 0.305044 0
2559 0.507009 0.275858 0
2560 0.507009 0.067983 0
2561 0.511039 0.926151 0
2562 0.510463 0.869011 0
2563 0.510463 0.816505 0
2564 0.510463 0.455263 0
2565 0.510463 0.238518 0
2566 0.510463 0.222494 0
2567 0.510463 0.153823 0
2568 0.510463 0.059971 0
2569 0.511615 0.902345 0
2570 0.511615 0.804917 0
2571 0.511615 0.788464 0
2572 0.511615 0.768578 0
2573 0.511615 0.503476 0
2574 0.511615 0.429654 0
2575 0.511615 0.177858 0
2576 0.511615 0.08043 0
2577 0.514494 0.840197 0
2578 0.514494 0.704914 0
2579 0.514494 0.611749 0
2580 0.514494 0.599159 0
2581 0.514494 0.47864 0
2582 0.514494 0.373 0
2583 0.51507 0.32884 0
2584 0.514494 0.267131 0
2585 0.514494 0.027467 0
2586 0.515646 0.54674 0
2587 0.515646 0.515036 0
2588 0.515646 0.44213 0
2589 0.515646 0.313027 0
2590 0.515646 0.201778 0
2591 0.517949 0.934392 0
2592 0.517949 0.10518 0
2593 0.518525 0.914219 0
2594 0.518525 0.894333 0
2595 0.518525 0.78031 0
2596 0.518525 0.753413 0
2597 0.518525 0.72852 0
2598 0.518525 0.652265 0
2599 0.518525 0.619789 0
2600 0.518525 0.583021 0
2601 0.518525 0.57129 0
2602 0.518525 0.466851 0
2603 0.519101 0.38971 0
2604 0.518525 0.361555 0
2605 0.519101 0.279492 0
2606 0.518525 0.249963 0
2607 0.518525 0.189303 0
2608 0.518525 0.128357 0
2609 0.518525 0.116768 0
2610 0.519101 0.676873 0
2611 0.519101 0.668861 0
2612 0.519677 0.418066 0
2613 0.52198 0.01977 0
2614 0.523131 0.975309 0
2615 0.522556 0.955566 0
2616 0.523131 0.857851 0
2617 0.523131 0.833673 0
2618 0.523707 0.792585 0
2619 0.523131 0.741539 0
2620 0.523131 0.717503 0
2621 0.523131 0.639819 0
2622 0.523131 0.401041 0
2623 0.523131 0.348965 0
2624 0.523131 0.337234 0
2625 0.523131 0.234655 0
2626 0.523131 0.173852 0
2627 0.523131 0.071417 0
2628 0.523131 0.059971 0
2629 0.523131 0.039513 0
2630 0.526586 0.088775 0
2631 0.527162 0.96415 0
2632 0.527162 0.878424 0
2633 0.527162 0.821427 0
2634 0.527162 0.705829 0
2635 0.527162 0.604538 0
2636 0.527162 0.499585 0
2637 0.527162 0.48276 0
2638 0.527162 0.450714 0
2639 0.527162 0.22238 0
2640 0.527162 0.144781 0
2641 0.527738 0.76958 0
2642 0.527738 0.685171 0
2643 0.527738 0.559845 0
2644 0.527738 0.53538 0
2645 0.527738 0.43366 0
2646 0.527738 0.295744 0
2647 0.527738 0.185726 0
2648 0.530617 0.592063 0
2649 0.530041 0.011329 0
2650 0.531193 0.947125 0
2651 0.531193 0.885892 0
2652 0.531193 0.729664 0
2653 0.531193 0.62494 0
2654 0.531769 0.520072 0
2655 0.531769 0.329508 0
2656 0.531193 0.262696 0
2657 0.531193 0.161834 0
2658 0.530617 0.124446 0
2659 0.531193 0.047811 0
2660 0.532344 0.781025 0
2661 0.532344 0.411056 0
2662 0.532344 0.377864 0
2663 0.534648 0.242381 0
2664 0.534648 0.215341 0
2665 0.535223 0.132649 0
2666 0.534648 0.100316 0
2667 0.535799 0.987899 0
2668 0.535799 0.934964 0
2669 0.536375 0.918597 0
2670 0.535799 0.902917 0
2671 0.535799 0.865863 0
2672 0.535799 0.853273 0
2673 0.535223 0.837488 0
2674 0.535223 0.813644 0
2675 0.535799 0.754558 0
2676 0.535799 0.713355 0
2677 0.535799 0.652838 0
2678 0.535799 0.644826 0
2679 0.535799 0.612922 0
2680 0.535799 0.576154 0
2681 0.535799 0.467424 0
2682 0.535799 0.362127 0
2683 0.535799 0.346104 0
2684 0.535799 0.174567 0
2685 0.535799 0.035507 0
2686 0.536375 0.802008 0
2687 0.536951 0.673725 0
2688 0.536951 0.422644 0
2689 0.536951 0.309765 0
2690 0.538678 0.955337 0
2691 0.538678 0.825089 0
2692 0.538678 0.701137 0
2693 0.539254 0.975738 0
2694 0.539254 0.737533 0
2695 0.539254 0.636814 0
2696 0.539254 0.54797 0
2697 0.539254 0.390597 0
2698 0.539254 0.2554 0
2699 0.539254 0.190448 0
2700 0.539254 0.154395 0
2701 0.539254 0.076996 0
2702 0.539254 0.06083 0
2703 0.539254 0.020771 0
2704 0.540406 0.439097 0
2705 0.53983 0.322068 0
2706 0.53983 0.284871 0
2707 0.543285 0.451171 0
2708 0.542709 0.121776 0
2709 0.543861 0.890757 0
2710 0.543861 0.878024 0
2711 0.543861 0.777305 0
2712 0.543861 0.766003 0
2713 0.543861 0.532233 0
2714 0.543861 0.512633 0
2715 0.543861 0.487882 0
2716 0.543861 0.374145 0
2717 0.543861 0.334658 0
2718 0.543861 0.301467 0
2719 0.543861 0.202465 0
2720 0.543285 0.141233 0
2721 0.547316 0.86572 0
2722 0.547316 0.85313 0
2723 0.547316 0.725086 0
2724 0.547316 0.709349 0
2725 0.547316 0.604195 0
2726 0.547316 0.592177 0
2727 0.547316 0.576154 0
2728 0.547316 0.231651 0
2729 0.547316 0.106039 0
2730 0.547316 0.093163 0
2731 0.547316 0.048526 0
2732 0.548467 0.805775 0
2733 0.548467 0.79247 0
2734 0.548467 0.685027 0
2735 0.548467 0.560131 0
2736 0.548467 0.4999 0
2737 0.548467 0.414775 0
2738 0.548467 0.289306 0
2739 0.548467 0.26756 0
2740 0.548467 0.178859 0
2741 0.55077 0.983607 0
2742 0.55077 0.96744 0
2743 0.55077 0.955423 0
2744 0.551346 0.903032 0
2745 0.55077 0.837393 0
2746 0.55077 0.817364 0
2747 0.55077 0.758134 0
2748 0.55077 0.745544 0
2749 0.55077 0.476008 0
2750 0.55077 0.350109 0
2751 0.55077 0.250965 0
2752 0.55077 0.215341 0
2753 0.55077 0.16255 0
2754 0.55077 0.129358 0
2755 0.55077 0.032932 0
2756 0.55077 0.012473 0
2757 0.551922 0.918798 0
2758 0.551922 0.673582 0
2759 0.551922 0.648832 0
2760 0.551922 0.443103 0
2761 0.551922 0.426221 0
2762 0.551922 0.321925 0
2763 0.554801 0.942861 0
2764 0.555953 0.885864 0
2765 0.555377 0.697188 0
2766 0.555377 0.524078 0
2767 0.555377 0.487882 0
2768 0.555377 0.459555 0
2769 0.555953 0.393945 0
2770 0.555377 0.36599 0
2771 0.555377 0.076996 0
2772 0.555377 0.064835 0
2773 0.556529 0.781168 0
2774 0.556529 0.76915 0
2775 0.555953 0.632236 0
2776 0.556529 0.547541 0
2777 0.556529 0.535523 0
2778 0.556529 0.406621 0
2779 0.556529 0.297032 0
2780 0.556529 0.202036 0
2781 0.559408 0.121547 0
2782 0.558832 0.106039 0
2783 0.558832 0.093163 0
2784 0.559983 0.930386 0
2785 0.559983 0.873732 0
2786 0.559983 0.857708 0
2787 0.559983 0.844975 0
2788 0.560559 0.797048 0
2789 0.559983 0.737104 0
2790 0.559983 0.713355 0
2791 0.559983 0.661994 0
2792 0.559983 0.620362 0
2793 0.559983 0.604338 0
2794 0.560559 0.567913 0
2795 0.559983 0.508627 0
2796 0.560559 0.418781 0
2797 0.559983 0.341525 0
2798 0.560559 0.329737 0
2799 0.560559 0.309479 0
2800 0.560559 0.288992 0
2801 0.559983 0.040085 0
2802 0.562863 0.724943 0
2803 0.562863 0.25477 0
2804 0.562863 0.242981 0
2805 0.562287 0.227073 0
2806 0.562863 0.210935 0
2807 0.562863 0.149931 0
2808 0.563438 0.955566 0
2809 0.564014 0.914477 0
2810 0.563438 0.894333 0
2811 0.562863 0.825089 0
2812 0.563438 0.761711 0
2813 0.563438 0.74998 0
2814 0.564014 0.684655 0
2815 0.563438 0.636814 0
2816 0.563438 0.587742 0
2817 0.563438 0.479155 0
2818 0.564014 0.382271 0
2819 0.563438 0.35855 0
2820 0.563438 0.271423 0
2821 0.563438 0.052103 0
2822 0.568045 0.979028 0
2823 0.568621 0.652723 0
2824 0.568621 0.49123 0
2825 0.568621 0.349881 0
2826 0.568621 0.194225 0
2827 0.568621 0.17843 0
2828 0.568621 0.166298 0
2829 0.568045 0.133221 0
2830 0.568621 0.068784 0
2831 0.568045 0.028211 0
2832 0.568045 0.016336 0
2833 0.569197 0.773156 0
2834 0.569197 0.446965 0
2835 0.569197 0.426221 0
2836 0.569197 0.410197 0
2837 0.569197 0.297032 0
2838 0.569197 0.084579 0
2839 0.572076 0.942861 0
2840 0.572651 0.92638 0
2841 0.572076 0.87728 0
2842 0.572076 0.86572 0
2843 0.572076 0.837221 0
2844 0.572076 0.813644 0
2845 0.572651 0.789037 0
2846 0.572076 0.709377 0
2847 0.572651 0.661517 0
2848 0.572076 0.608201 0
2849 0.572076 0.459527 0
2850 0.572076 0.366133 0
2851 0.572076 0.044635 0
2852 0.573227 0.802199 0
2853 0.573227 0.539415 0
2854 0.573227 0.397607 0
2855 0.573227 0.322068 0
2856 0.573227 0.284642 0
2857 0.57553 0.219175 0
2858 0.57553 0.117884 0
2859 0.576106 0.967297 0
2860 0.576106 0.825089 0
2861 0.576106 0.753985 0
2862 0.576106 0.736531 0
2863 0.576106 0.72108 0
2864 0.576106 0.696616 0
2865 0.576106 0.619932 0
2866 0.576682 0.556354 0
2867 0.576106 0.527512 0
2868 0.576106 0.515637 0
2869 0.576106 0.471716 0
2870 0.576106 0.378007 0
2871 0.576106 0.27128 0
2872 0.576106 0.238661 0
2873 0.576106 0.141233 0
2874 0.576106 0.129072 0
2875 0.577258 0.305187 0
2876 0.579561 0.955423 0
2877 0.580137 0.849124 0
2878 0.580137 0.587714 0
2879 0.580137 0.57604 0
2880 0.579561 0.096596 0
2881 0.579561 0.020914 0
2882 0.579561 0.008897 0
2883 0.580713 0.918798 0
2884 0.580713 0.906208 0
2885 0.580713 0.870155 0
2886 0.580713 0.792613 0
2887 0.580713 0.640391 0
2888 0.580713 0.600189 0
2889 0.581289 0.499699 0
2890 0.581289 0.446937 0
2891 0.580713 0.414632 0
2892 0.580713 0.333943 0
2893 0.580713 0.292311 0
2894 0.580713 0.255114 0
2895 0.580713 0.2069 0
2896 0.580713 0.190018 0
2897 0.580713 0.170991 0
2898 0.580713 0.068412 0
2899 0.583592 0.979028 0
2900 0.584168 0.483352 0
2901 0.584168 0.153632 0
2902 0.583592 0.035707 0
2903 0.584744 0.890213 0
2904 0.584744 0.773013 0
2905 0.584744 0.684884 0
2906 0.584744 0.673554 0
2907 0.584744 0.652265 0
2908 0.584744 0.547197 0
2909 0.584744 0.434232 0
2910 0.584744 0.386048 0
2911 0.584744 0.345989 0
2912 0.585319 0.317204 0
2913 0.584744 0.076681 0
2914 0.587623 0.942976 0
2915 0.588198 0.833444 0
2916 0.588198 0.709148 0
2917 0.588198 0.636013 0
2918 0.587623 0.608201 0
2919 0.587623 0.455692 0
2920 0.588198 0.358236 0
2921 0.588198 0.231307 0
2922 0.587623 0.132935 0
2923 0.587623 0.121204 0
2924 0.587623 0.10518 0
2925 0.587623 0.060543 0
2926 0.588774 0.963863 0
2927 0.588774 0.902345 0
2928 0.588774 0.857565 0
2929 0.588774 0.74998 0
2930 0.588774 0.725086 0
2931 0.588774 0.559988 0
2932 0.588774 0.531517 0
2933 0.588774 0.511774 0
2934 0.588774 0.370139 0
2935 0.588774 0.26756 0
2936 0.592229 0.092495 0
2937 0.592229 0.821226 0
2938 0.592229 0.736388 0
2939 0.592805 0.644711 0
2940 0.592805 0.619875 0
2941 0.592229 0.587456 0
2942 0.592805 0.571347 0
2943 0.592805 0.471315 0
2944 0.592229 0.214769 0
2945 0.593381 0.921802 0
2946 0.593381 0.881743 0
2947 0.593381 0.870155 0
2948 0.593381 0.805346 0
2949 0.593381 0.4999 0
2950 0.593381 0.442673 0
2951 0.593381 0.401613 0
2952 0.593381 0.305044 0
2953 0.593381 0.288877 0
2954 0.59626 0.987612 0
2955 0.59626 0.975709 0
2956 0.59626 0.849239 0
2957 0.596836 0.761472 0
2958 0.59626 0.696559 0
2959 0.59626 0.595382 0
2960 0.596836 0.483543 0
2961 0.596836 0.337901 0
2962 0.59626 0.258776 0
2963 0.59626 0.242981 0
2964 0.596836 0.198173 0
2965 0.596836 0.182531 0
2966 0.59626 0.162521 0
2967 0.59626 0.052074 0
2968 0.59626 0.039827 0
2969 0.59626 0.016365 0
2970 0.597411 0.906694 0
2971 0.597411 0.792127 0
2972 0.597411 0.664741 0
2973 0.597411 0.550974 0
2974 0.597411 0.430341 0
2975 0.597411 0.418896 0
2976 0.597411 0.3825 0
2977 0.597411 0.317261 0
2978 0.599715 0.938741 0
2979 0.60029 0.894333 0
2980 0.600866 0.780338 0
2981 0.60029 0.717074 0
2982 0.60029 0.608058 0
2983 0.60029 0.520072 0
2984 0.60029 0.508484 0
2985 0.600866 0.36991 0
2986 0.60029 0.349966 0
2987 0.600866 0.275601 0
2988 0.60029 0.144666 0
2989 0.60029 0.113621 0
2990 0.60029 0.067983 0
2991 0.60029 0.028067 0
2992 0.601442 0.680306 0
2993 0.604321 0.951102 0
2994 0.603745 0.096596 0
2995 0.604897 0.861714 0
2996 0.604897 0.833387 0
2997 0.604897 0.801626 0
2998 0.604897 0.76915 0
2999 0.604897 0.7052 0
3000 0.604897 0.648116 0
3001 0.604897 0.579588 0
3002 0.604897 0.53538 0
3003 0.604897 0.490457 0
3004 0.604897 0.389596 0
3005 0.604897 0.222637 0
3006 0.604897 0.206328 0
3007 0.604897 0.128929 0
3008 0.606049 0.438811 0
3009 0.606049 0.296746 0
3010 0.608352 0.966629 0
3011 0.607776 0.816505 0
3012 0.608352 0.591796 0
3013 0.608352 0.571576 0
3014 0.608352 0.044043 0
3015 0.608928 0.918597 0
3016 0.608928 0.873045 0
3017 0.608928 0.668975 0
3018 0.608928 0.631893 0
3019 0.608928 0.556125 0
3020 0.608928 0.47555 0
3021 0.608928 0.459183 0
3022 0.608928 0.406764 0
3023 0.608928 0.284185 0
3024 0.608928 0.238518 0
3025 0.608928 0.189418 0
3026 0.608928 0.170533 0
3027 0.608928 0.084121 0
3028 0.608928 0.056767 0
3029 0.612958 0.979028 0
3030 0.612958 0.906208 0
3031 0.612958 0.849124 0
3032 0.613534 0.776905 0
3033 0.613534 0.744858 0
3034 0.612958 0.729521 0
3035 0.612958 0.69633 0
3036 0.612958 0.515637 0
3037 0.612958 0.377721 0
3038 0.612958 0.353972 0
3039 0.612958 0.020485 0
3040 0.612958 0.008467 0
3041 0.61411 0.684741 0
3042 0.61411 0.321639 0
3043 0.61411 0.308763 0
3044 0.616989 0.12498 0
3045 0.616989 0.1093 0
3046 0.617565 0.934249 0
3047 0.617565 0.885749 0
3048 0.617565 0.86572 0
3049 0.617565 0.828952 0
3050 0.618141 0.76523 0
3051 0.617565 0.712496 0
3052 0.617565 0.652408 0
3053 0.617565 0.612636 0
3054 0.617565 0.547112 0
3055 0.617565 0.503906 0
3056 0.617565 0.486881 0
3057 0.618141 0.4221 0
3058 0.617565 0.365561 0
3059 0.617565 0.341525 0
3060 0.617565 0.254827 0
3061 0.617565 0.214483 0
3062 0.617565 0.157828 0
3063 0.618717 0.446536 0
3064 0.618717 0.197887 0
3065 0.62102 0.571671 0
3066 0.620444 0.136998 0
3067 0.620444 0.043948 0
3068 0.62102 0.971017 0
3069 0.62102 0.95156 0
3070 0.62102 0.813215 0
3071 0.621596 0.788693 0
3072 0.62102 0.753556 0
3073 0.62102 0.680449 0
3074 0.62102 0.660992 0
3075 0.62102 0.640105 0
3076 0.62102 0.619646 0
3077 0.62102 0.467138 0
3078 0.62102 0.267131 0
3079 0.62102 0.227073 0
3080 0.62102 0.185869 0
3081 0.62102 0.080573 0
3082 0.62102 0.067983 0
3083 0.622171 0.434232 0
3084 0.622171 0.410197 0
3085 0.622171 0.328936 0
3086 0.622171 0.279721 0
3087 0.62505 0.092705 0
3088 0.62505 0.027924 0
3089 0.625626 0.89791 0
3090 0.625626 0.857422 0
3091 0.625626 0.801626 0
3092 0.625626 0.599331 0
3093 0.625626 0.579588 0
3094 0.625626 0.538957 0
3095 0.625626 0.526939 0
3096 0.625626 0.511631 0
3097 0.626202 0.397493 0
3098 0.625626 0.377721 0
3099 0.625626 0.173995 0
3100 0.629657 0.979143 0
3101 0.629081 0.958856 0
3102 0.629081 0.840683 0
3103 0.629657 0.736503 0
3104 0.629657 0.720937 0
3105 0.629657 0.249963 0
3106 0.629081 0.121204 0
3107 0.629081 0.016336 0
3108 0.630233 0.921802 0
3109 0.630233 0.877022 0
3110 0.630233 0.765145 0
3111 0.630233 0.749121 0
3112 0.630809 0.450485 0
3113 0.630233 0.426221 0
3114 0.630233 0.365561 0
3115 0.630233 0.349823 0
3116 0.630809 0.316689 0
3117 0.630233 0.300752 0
3118 0.630233 0.288877 0
3119 0.630233 0.21062 0
3120 0.630233 0.157685 0
3121 0.632536 0.970874 0
3122 0.632536 0.942117 0
3123 0.632536 0.865291 0
3124 0.632536 0.825089 0
3125 0.632536 0.69633 0
3126 0.632536 0.619217 0
3127 0.633112 0.334086 0
3128 0.632536 0.242524 0
3129 0.633112 0.068097 0
3130 0.632536 0.047954 0
3131 0.632536 0.035507 0
3132 0.633688 0.909355 0
3133 0.633688 0.784458 0
3134 0.633688 0.660849 0
3135 0.633688 0.640105 0
3136 0.633688 0.563278 0
3137 0.633688 0.530945 0
3138 0.633688 0.486881 0
3139 0.633688 0.410054 0
3140 0.633688 0.197744 0
3141 0.633688 0.18215 0
3142 0.633688 0.08043 0
3143 0.637143 0.955852 0
3144 0.637718 0.809753 0
3145 0.637143 0.70892 0
3146 0.637143 0.599188 0
3147 0.637718 0.507482 0
3148 0.637143 0.495036 0
3149 0.637143 0.462846 0
3150 0.637143 0.262553 0
3151 0.637143 0.226786 0
3152 0.637143 0.136798 0
3153 0.637143 0.109186 0
3154 0.638294 0.673296 0
3155 0.638294 0.543106 0
3156 0.638294 0.30862 0
3157 0.641749 0.98003 0
3158 0.641749 0.922947 0
3159 0.641749 0.882745 0
3160 0.641749 0.853846 0
3161 0.641749 0.83725 0
3162 0.642325 0.797163 0
3163 0.642325 0.773585 0
3164 0.641749 0.729378 0
3165 0.642325 0.684884 0
3166 0.642325 0.652265 0
3167 0.642325 0.63132 0
3168 0.641749 0.587027 0
3169 0.642325 0.555553 0
3170 0.642325 0.438696 0
3171 0.642325 0.394174 0
3172 0.641749 0.377578 0
3173 0.641749 0.361555 0
3174 0.642325 0.288763 0
3175 0.641749 0.165697 0
3176 0.641749 0.149245 0
3177 0.641749 0.059971 0
3178 0.641749 0.027781 0
3179 0.641749 0.01233 0
3180 0.645204 0.967583 0
3181 0.64578 0.899026 0
3182 0.645204 0.822228 0
3183 0.645204 0.742111 0
3184 0.645204 0.640534 0
3185 0.645204 0.612922 0
3186 0.64578 0.571919 0
3187 0.645204 0.527082 0
3188 0.645204 0.482732 0
3189 0.64578 0.426221 0
3190 0.645204 0.345961 0
3191 0.64578 0.270679 0
3192 0.645204 0.238518 0
3193 0.64578 0.193767 0
3194 0.645204 0.092447 0
3195 0.645204 0.043948 0
3196 0.646356 0.914935 0
3197 0.64578 0.661803 0
3198 0.646356 0.32493 0
3199 0.646356 0.210477 0
3200 0.648659 0.717933 0
3201 0.648659 0.697331 0
3202 0.649235 0.140661 0
3203 0.649235 0.124637 0
3204 0.64981 0.952132 0
3205 0.650386 0.93134 0
3206 0.64981 0.870298 0
3207 0.64981 0.845405 0
3208 0.64981 0.785317 0
3209 0.64981 0.539815 0
3210 0.64981 0.491459 0
3211 0.64981 0.471573 0
3212 0.64981 0.258118 0
3213 0.64981 0.177858 0
3214 0.64981 0.075995 0
3215 0.650962 0.451114 0
3216 0.650962 0.410913 0
3217 0.650962 0.308763 0
3218 0.653841 0.858281 0
3219 0.653841 0.769236 0
3220 0.653841 0.75802 0
3221 0.654417 0.681451 0
3222 0.654417 0.652838 0
3223 0.654417 0.632331 0
3224 0.653841 0.246301 0
3225 0.653841 0.227301 0
3226 0.653841 0.105066 0
3227 0.653841 0.015678 0
3228 0.654993 0.922832 0
3229 0.654417 0.806205 0
3230 0.654993 0.560016 0
3231 0.654993 0.508741 0
3232 0.654993 0.390626 0
3233 0.654993 0.378494 0
3234 0.654993 0.366591 0
3235 0.654993 0.297118 0
3236 0.654993 0.285215 0
3237 0.657872 0.988185 0
3238 0.657872 0.975595 0
3239 0.657872 0.903346 0
3240 0.657872 0.882888 0
3241 0.657872 0.833673 0
3242 0.657872 0.745974 0
3243 0.657872 0.734099 0
3244 0.658448 0.665427 0
3245 0.657872 0.640963 0
3246 0.657872 0.346962 0
3247 0.657872 0.271709 0
3248 0.658448 0.198688 0
3249 0.657872 0.153823 0
3250 0.658448 0.092247 0
3251 0.659024 0.435234 0
3252 0.661903 0.947325 0
3253 0.662478 0.959428 0
3254 0.662478 0.918798 0
3255 0.662478 0.792613 0
3256 0.663054 0.692667 0
3257 0.662478 0.620075 0
3258 0.662478 0.60491 0
3259 0.662478 0.576154 0
3260 0.662478 0.551976 0
3261 0.662478 0.539672 0
3262 0.662478 0.491459 0
3263 0.662478 0.471859 0
3264 0.663054 0.422902 0
3265 0.663054 0.334429 0
3266 0.662478 0.239376 0
3267 0.662478 0.170991 0
3268 0.662478 0.081002 0
3269 0.662478 0.060543 0
3270 0.662478 0.044949 0
3271 0.662478 0.028497 0
3272 0.66363 0.4514 0
3273 0.66363 0.317633 0
3274 0.665933 0.813644 0
3275 0.665357 0.705486 0
3276 0.665357 0.215513 0
3277 0.665933 0.137799 0
3278 0.665357 0.105981 0
3279 0.665357 0.012817 0
3280 0.666509 0.86572 0
3281 0.666509 0.773814 0
3282 0.666509 0.725744 0
3283 0.666509 0.592406 0
3284 0.666509 0.520301 0
3285 0.666509 0.397607 0
3286 0.666509 0.354688 0
3287 0.666509 0.289907 0
3288 0.666509 0.255571 0
3289 0.666509 0.186442 0
3290 0.669964 0.979944 0
3291 0.669388 0.934821 0
3292 0.669964 0.849353 0
3293 0.669964 0.737647 0
3294 0.669964 0.463647 0
3295 0.669388 0.11777 0
3296 0.67054 0.903346 0
3297 0.67054 0.802056 0
3298 0.67054 0.784745 0
3299 0.67054 0.754701 0
3300 0.67054 0.673725 0
3301 0.67054 0.504478 0
3302 0.67054 0.48359 0
3303 0.67054 0.442959 0
3304 0.67054 0.301753 0
3305 0.67054 0.27643 0
3306 0.67054 0.16255 0
3307 0.67054 0.077139 0
3308 0.67054 0.052675 0
3309 0.671691 0.544107 0
3310 0.673995 0.955709 0
3311 0.674571 0.894562 0
3312 0.674571 0.878195 0
3313 0.674571 0.833559 0
3314 0.674571 0.341869 0
3315 0.673995 0.23909 0
3316 0.673995 0.227788 0
3317 0.674571 0.128986 0
3318 0.673995 0.096739 0
3319 0.673995 0.036365 0
3320 0.673995 0.020771 0
3321 0.675146 0.688604 0
3322 0.675146 0.665427 0
3323 0.675146 0.652838 0
3324 0.675146 0.624654 0
3325 0.675146 0.567999 0
3326 0.675146 0.556411 0
3327 0.675146 0.524078 0
3328 0.675146 0.51249 0
3329 0.675146 0.43037 0
3330 0.675146 0.39074 0
3331 0.675146 0.374145 0
3332 0.675146 0.362127 0
3333 0.675146 0.313628 0
3334 0.675146 0.198173 0
3335 0.675146 0.174996 0
3336 0.678025 0.967469 0
3337 0.678025 0.636814 0
3338 0.678025 0.613122 0
3339 0.678025 0.592292 0
3340 0.678025 0.472002 0
3341 0.678025 0.141118 0
3342 0.678025 0.109415 0
3343 0.678601 0.084674 0
3344 0.679177 0.914935 0
3345 0.679177 0.535638 0
3346 0.679177 0.4514 0
3347 0.679177 0.414775 0
3348 0.679177 0.402186 0
3349 0.679177 0.285215 0
3350 0.679177 0.267818 0
3351 0.68148 0.697245 0
3352 0.68148 0.012588 0
3353 0.682056 0.939113 0
3354 0.682056 0.861857 0
3355 0.682056 0.817507 0
3356 0.682056 0.765717 0
3357 0.682056 0.750123 0
3358 0.682056 0.717933 0
3359 0.682056 0.250965 0
3360 0.682056 0.186442 0
3361 0.682056 0.153823 0
3362 0.682056 0.117913 0
3363 0.682056 0.057539 0
3364 0.683208 0.92638 0
3365 0.682632 0.802008 0
3366 0.682632 0.78484 0
3367 0.683208 0.54797 0
3368 0.683208 0.516639 0
3369 0.683208 0.292597 0
3370 0.686087 0.219404 0
3371 0.686663 0.979458 0
3372 0.686663 0.955566 0
3373 0.686663 0.849267 0
3374 0.686663 0.837107 0
3375 0.686663 0.73367 0
3376 0.687238 0.665313 0
3377 0.687238 0.644826 0
3378 0.687238 0.527969 0
3379 0.687238 0.504163 0
3380 0.687238 0.491459 0
3381 0.687238 0.370024 0
3382 0.686663 0.35855 0
3383 0.687238 0.334544 0
3384 0.687238 0.207158 0
3385 0.686663 0.133221 0
3386 0.686663 0.096596 0
3387 0.687238 0.072675 0
3388 0.686663 0.036222 0
3389 0.687814 0.685027 0
3390 0.687814 0.568428 0
3391 0.687814 0.434948 0
3392 0.687814 0.394174 0
3393 0.690117 0.109186 0
3394 0.690693 0.910242 0
3395 0.690693 0.885749 0
3396 0.690693 0.757676 0
3397 0.690693 0.624568 0
3398 0.690693 0.595611 0
3399 0.690693 0.539529 0
3400 0.690693 0.472002 0
3401 0.690693 0.459412 0
3402 0.690693 0.410312 0
3403 0.690693 0.346104 0
3404 0.690693 0.280293 0
3405 0.690693 0.174996 0
3406 0.690693 0.141118 0
3407 0.690693 0.088699 0
3408 0.690693 0.048183 0
3409 0.690693 0.020943 0
3410 0.691269 0.446822 0
3411 0.691269 0.322068 0
3412 0.691269 0.309479 0
3413 0.694724 0.942976 0
3414 0.694724 0.873732 0
3415 0.694724 0.709492 0
3416 0.6953 0.636242 0
3417 0.694724 0.608344 0
3418 0.694724 0.483447 0
3419 0.694724 0.25497 0
3420 0.694724 0.243096 0
3421 0.694724 0.227359 0
3422 0.694724 0.162407 0
3423 0.6953 0.060429 0
3424 0.695876 0.809924 0
3425 0.695876 0.789037 0
3426 0.695876 0.551833 0
3427 0.695876 0.426793 0
3428 0.698755 0.100945 0
3429 0.699331 0.829095 0
3430 0.699331 0.773442 0
3431 0.699331 0.745974 0
3432 0.699331 0.725086 0
3433 0.699906 0.693239 0
3434 0.699906 0.676873 0
3435 0.699331 0.657416 0
3436 0.699331 0.584166 0
3437 0.699906 0.53209 0
3438 0.699906 0.495923 0
3439 0.699906 0.378036 0
3440 0.699331 0.361841 0
3441 0.699906 0.215169 0
3442 0.699906 0.197773 0
3443 0.700482 0.571576 0
3444 0.700482 0.438811 0
3445 0.700482 0.33008 0
3446 0.70221 0.96724 0
3447 0.70221 0.95156 0
3448 0.70221 0.934392 0
3449 0.70221 0.128986 0
3450 0.70221 0.113764 0
3451 0.70221 0.016479 0
3452 0.702785 0.983607 0
3453 0.702785 0.922517 0
3454 0.702785 0.898339 0
3455 0.703361 0.762026 0
3456 0.702785 0.390311 0
3457 0.702785 0.182579 0
3458 0.702785 0.144953 0
3459 0.703361 0.072332 0
3460 0.702785 0.05196 0
3461 0.702785 0.032503 0
3462 0.703937 0.644826 0
3463 0.703937 0.551976 0
3464 0.703361 0.508627 0
3465 0.703937 0.4514 0
3466 0.703937 0.31749 0
3467 0.703937 0.292454 0
3468 0.706816 0.595611 0
3469 0.70624 0.101174 0
3470 0.707392 0.881743 0
3471 0.707392 0.870155 0
3472 0.707392 0.840683 0
3473 0.707968 0.792699 0
3474 0.707392 0.705343 0
3475 0.707392 0.624224 0
3476 0.707392 0.56385 0
3477 0.707392 0.520215 0
3478 0.707392 0.488025 0
3479 0.707392 0.422787 0
3480 0.707392 0.40705 0
3481 0.707392 0.341812 0
3482 0.707968 0.280522 0
3483 0.707968 0.267246 0
3484 0.707392 0.170848 0
3485 0.711998 0.813739 0
3486 0.711423 0.60843 0
3487 0.711423 0.060315 0
3488 0.711998 0.906494 0
3489 0.711998 0.85313 0
3490 0.711998 0.825232 0
3491 0.711998 0.769293 0
3492 0.711423 0.733336 0
3493 0.711423 0.718076 0
3494 0.711998 0.661565 0
3495 0.712574 0.544107 0
3496 0.711998 0.500043 0
3497 0.711998 0.467424 0
3498 0.712574 0.434232 0
3499 0.711998 0.382729 0
3500 0.711998 0.361698 0
3501 0.712574 0.305015 0
3502 0.711998 0.223067 0
3503 0.712574 0.207043 0
3504 0.711998 0.084006 0
3505 0.714877 0.955566 0
3506 0.714877 0.24321 0
3507 0.714877 0.190219 0
3508 0.714877 0.158057 0
3509 0.714877 0.137685 0
3510 0.715453 0.92638 0
3511 0.715453 0.801913 0
3512 0.715453 0.750123 0
3513 0.715453 0.684884 0
3514 0.715453 0.673725 0
3515 0.715453 0.512347 0
3516 0.715453 0.475865 0
3517 0.715453 0.394174 0
3518 0.715453 0.349966 0
3519 0.716605 0.33008 0
3520 0.719484 0.987269 0
3521 0.718908 0.975452 0
3522 0.718908 0.938827 0
3523 0.718908 0.833101 0
3524 0.719484 0.696559 0
3525 0.719484 0.57604 0
3526 0.718908 0.231508 0
3527 0.718908 0.120774 0
3528 0.718908 0.109186 0
3529 0.718908 0.039799 0
3530 0.718908 0.024062 0
3531 0.718908 0.012473 0
3532 0.72006 0.89419 0
3533 0.72006 0.877595 0
3534 0.72006 0.789037 0
3535 0.72006 0.773299 0
3536 0.72006 0.761997 0
3537 0.72006 0.652838 0
3538 0.72006 0.636385 0
3539 0.72006 0.523792 0
3540 0.72006 0.491173 0
3541 0.720636 0.451286 0
3542 0.72006 0.422644 0
3543 0.72006 0.406764 0
3544 0.720636 0.317376 0
3545 0.72006 0.076424 0
3546 0.724091 0.914248 0
3547 0.723515 0.845119 0
3548 0.723515 0.729664 0
3549 0.724091 0.619646 0
3550 0.723515 0.608201 0
3551 0.723515 0.587599 0
3552 0.724091 0.559787 0
3553 0.724091 0.478869 0
3554 0.724091 0.382614 0
3555 0.724091 0.341525 0
3556 0.724091 0.305129 0
3557 0.724091 0.284757 0
3558 0.723515 0.262839 0
3559 0.723515 0.219061 0
3560 0.724091 0.17431 0
3561 0.724091 0.0602 0
3562 0.723515 0.048097 0
3563 0.72697 0.96372 0
3564 0.72697 0.942833 0
3565 0.727545 0.796934 0
3566 0.72697 0.754128 0
3567 0.727545 0.499699 0
3568 0.72697 0.354115 0
3569 0.72697 0.129072 0
3570 0.728121 0.680879 0
3571 0.728121 0.53538 0
3572 0.728121 0.438811 0
3573 0.728121 0.329508 0
3574 0.728121 0.292597 0
3575 0.728121 0.201893 0
3576 0.728121 0.088584 0
3577 0.731 0.10518 0
3578 0.731576 0.975595 0
3579 0.731576 0.955423 0
3580 0.731576 0.865148 0
3581 0.731576 0.825089 0
3582 0.732152 0.769236 0
3583 0.732152 0.741424 0
3584 0.731576 0.713498 0
3585 0.732152 0.632122 0
3586 0.732152 0.595726 0
3587 0.731576 0.579874 0
3588 0.731576 0.512347 0
3589 0.731576 0.46399 0
3590 0.732152 0.393945 0
3591 0.732152 0.369681 0
3592 0.731576 0.250535 0
3593 0.731576 0.227073 0
3594 0.731576 0.162264 0
3595 0.731576 0.140804 0
3596 0.731576 0.039799 0
3597 0.731576 0.012473 0
3598 0.732728 0.664998 0
3599 0.735607 0.837107 0
3600 0.736183 0.34143 0
3601 0.736183 0.271042 0
3602 0.736183 0.238518 0
3603 0.736183 0.120822 0
3604 0.736183 0.096692 0
3605 0.736183 0.071893 0
3606 0.736183 0.056633 0
3607 0.735607 0.023919 0
3608 0.736758 0.910242 0
3609 0.736758 0.897996 0
3610 0.736758 0.881858 0
3611 0.736758 0.813644 0
3612 0.736758 0.648259 0
3613 0.736758 0.527512 0
3614 0.736758 0.451057 0
3615 0.736758 0.421871 0
3616 0.736758 0.410197 0
3617 0.736758 0.313599 0
3618 0.736758 0.18999 0
3619 0.739637 0.696044 0
3620 0.739637 0.946982 0
3621 0.740213 0.934621 0
3622 0.739637 0.849124 0
3623 0.740213 0.729521 0
3624 0.739637 0.619646 0
3625 0.739637 0.604195 0
3626 0.740213 0.491001 0
3627 0.739637 0.133078 0
3628 0.740789 0.780596 0
3629 0.740789 0.757705 0
3630 0.740789 0.571576 0
3631 0.740789 0.556268 0
3632 0.740789 0.539529 0
3633 0.741365 0.434347 0
3634 0.740789 0.385876 0
3635 0.740789 0.288877 0
3636 0.740213 0.177858 0
3637 0.743668 0.219061 0
3638 0.744244 0.982605 0
3639 0.74482 0.873388 0
3640 0.744244 0.825232 0
3641 0.744244 0.76915 0
3642 0.744244 0.741252 0
3643 0.74482 0.632236 0
3644 0.744244 0.587599 0
3645 0.74482 0.475321 0
3646 0.74482 0.358236 0
3647 0.744244 0.201893 0
3648 0.745396 0.515637 0
3649 0.745396 0.325645 0
3650 0.745396 0.275858 0
3651 0.748275 0.966896 0
3652 0.748851 0.925999 0
3653 0.748851 0.913886 0
3654 0.748851 0.902154 0
3655 0.748275 0.8616 0
3656 0.748275 0.709377 0
3657 0.748275 0.648259 0
3658 0.748275 0.459298 0
3659 0.748851 0.370043 0
3660 0.748275 0.242867 0
3661 0.748275 0.231651 0
3662 0.748275 0.153365 0
3663 0.748275 0.109186 0
3664 0.748851 0.088394 0
3665 0.748275 0.076109 0
3666 0.748275 0.047839 0
3667 0.748275 0.031816 0
3668 0.748275 0.016136 0
3669 0.749426 0.813758 0
3670 0.749426 0.797048 0
3671 0.749426 0.680764 0
3672 0.749426 0.527397 0
3673 0.749426 0.446708 0
3674 0.749426 0.414775 0
3675 0.749426 0.402186 0
3676 0.749426 0.301009 0
3677 0.75173 0.951445 0
3678 0.75173 0.938741 0
3679 0.752305 0.840683 0
3680 0.752305 0.788894 0
3681 0.752305 0.74998 0
3682 0.752305 0.72108 0
3683 0.752305 0.660849 0
3684 0.752305 0.608201 0
3685 0.752305 0.341525 0
3686 0.752305 0.258118 0
3687 0.752305 0.185869 0
3688 0.752305 0.132935 0
3689 0.752305 0.063691 0
3690 0.753457 0.313485 0
3691 0.756336 0.979372 0
3692 0.75576 0.821083 0
3693 0.756336 0.579702 0
3694 0.756912 0.881743 0
3695 0.756912 0.761568 0
3696 0.757488 0.692209 0
3697 0.756912 0.640534 0
3698 0.756912 0.619646 0
3699 0.756912 0.556125 0
3700 0.756912 0.499757 0
3701 0.756912 0.483447 0
3702 0.756912 0.471287 0
3703 0.757488 0.429998 0
3704 0.756912 0.385733 0
3705 0.756912 0.357835 0
3706 0.757488 0.29254 0
3707 0.756912 0.275572 0
3708 0.756912 0.206328 0
3709 0.756912 0.170132 0
3710 0.756912 0.144523 0
3711 0.759791 0.942976 0
3712 0.760367 0.870012 0
3713 0.759791 0.222494 0
3714 0.759791 0.120746 0
3715 0.760943 0.931302 0
3716 0.760943 0.898683 0
3717 0.760943 0.81021 0
3718 0.760943 0.79247 0
3719 0.760943 0.777591 0
3720 0.760943 0.673439 0
3721 0.760943 0.652609 0
3722 0.760943 0.599731 0
3723 0.760943 0.543077 0
3724 0.760943 0.455177 0
3725 0.760943 0.418781 0
3726 0.760943 0.328936 0
3727 0.760943 0.304901 0
3728 0.760943 0.09259 0
3729 0.760943 0.071417 0
3730 0.760943 0.04761 0
3731 0.763822 0.967726 0
3732 0.763822 0.956138 0
3733 0.764398 0.829896 0
3734 0.764398 0.345989 0
3735 0.764398 0.242295 0
3736 0.764398 0.105066 0
3737 0.764398 0.060086 0
3738 0.763822 0.027781 0
3739 0.763822 0.012187 0
3740 0.764973 0.914935 0
3741 0.764973 0.85871 0
3742 0.764973 0.741968 0
3743 0.764973 0.730236 0
3744 0.764973 0.71779 0
3745 0.764973 0.612922 0
3746 0.764973 0.531374 0
3747 0.764973 0.374002 0
3748 0.764973 0.153393 0
3749 0.765549 0.568142 0
3750 0.769004 0.980173 0
3751 0.769004 0.84592 0
3752 0.768428 0.70148 0
3753 0.768428 0.644969 0
3754 0.768428 0.620934 0
3755 0.768428 0.580875 0
3756 0.769004 0.50897 0
3757 0.769004 0.491573 0
3758 0.768428 0.479441 0
3759 0.769004 0.234626 0
3760 0.769004 0.088012 0
3761 0.76958 0.894762 0
3762 0.76958 0.87831 0
3763 0.76958 0.685314 0
3764 0.76958 0.55684 0
3765 0.76958 0.434805 0
3766 0.76958 0.397751 0
3767 0.76958 0.292311 0
3768 0.76958 0.26241 0
3769 0.76958 0.193452 0
3770 0.76958 0.18215 0
3771 0.772459 0.948126 0
3772 0.772459 0.817764 0
3773 0.772459 0.754701 0
3774 0.772459 0.657416 0
3775 0.772459 0.600761 0
3776 0.772459 0.250192 0
3777 0.772459 0.165611 0
3778 0.772459 0.140546 0
3779 0.772459 0.128872 0
3780 0.772459 0.051845 0
3781 0.773035 0.926952 0
3782 0.773035 0.802342 0
3783 0.773035 0.76958 0
3784 0.773035 0.536382 0
3785 0.773611 0.329737 0
3786 0.77649 0.98375 0
3787 0.777065 0.903261 0
3788 0.77649 0.853989 0
3789 0.77649 0.834245 0
3790 0.777065 0.785603 0
3791 0.77649 0.742111 0
3792 0.77649 0.730522 0
3793 0.77649 0.71407 0
3794 0.777065 0.673782 0
3795 0.77649 0.632808 0
3796 0.77649 0.613637 0
3797 0.77649 0.588172 0
3798 0.777065 0.516753 0
3799 0.77649 0.468282 0
3800 0.777065 0.366476 0
3801 0.77649 0.276573 0
3802 0.777065 0.210935 0
3803 0.77649 0.113049 0
3804 0.77649 0.101174 0
3805 0.777065 0.076338 0
3806 0.77649 0.060114 0
3807 0.77649 0.03937 0
3808 0.77649 0.027495 0
3809 0.77649 0.01605 0
3810 0.777641 0.569144 0
3811 0.777641 0.451543 0
3812 0.777641 0.383015 0
3813 0.777641 0.310051 0
3814 0.781096 0.967726 0
3815 0.781096 0.84612 0
3816 0.781096 0.231651 0
3817 0.782248 0.8909 0
3818 0.782248 0.87831 0
3819 0.782248 0.865863 0
3820 0.782248 0.692896 0
3821 0.782248 0.548256 0
3822 0.782248 0.528084 0
3823 0.782248 0.500186 0
3824 0.782248 0.488025 0
3825 0.782248 0.418924 0
3826 0.782248 0.347248 0
3827 0.782248 0.290022 0
3828 0.782248 0.263697 0
3829 0.782248 0.190448 0
3830 0.782248 0.178859 0
3831 0.785127 0.943319 0
3832 0.785127 0.826005 0
3833 0.785127 0.762598 0
3834 0.785127 0.746002 0
3835 0.785127 0.64929 0
3836 0.785127 0.600533 0
3837 0.785127 0.251108 0
3838 0.785127 0.125667 0
3839 0.785127 0.048526 0
3840 0.786278 0.927067 0
3841 0.785703 0.914935 0
3842 0.785703 0.810783 0
3843 0.785703 0.798193 0
3844 0.785703 0.576297 0
3845 0.785703 0.560131 0
3846 0.785703 0.431085 0
3847 0.785703 0.398323 0
3848 0.785703 0.386162 0
3849 0.785703 0.374717 0
3850 0.785703 0.330223 0
3851 0.785703 0.166412 0
3852 0.785703 0.084579 0
3853 0.789158 0.894476 0
3854 0.789158 0.722082 0
3855 0.789158 0.632522 0
3856 0.789158 0.61378 0
3857 0.789158 0.592607 0
3858 0.789733 0.271709 0
3859 0.789158 0.239376 0
3860 0.789158 0.149674 0
3861 0.789158 0.137799 0
3862 0.790885 0.456093 0
3863 0.790309 0.309765 0
3864 0.793764 0.988471 0
3865 0.793764 0.97631 0
3866 0.793764 0.96415 0
3867 0.793764 0.952561 0
3868 0.793764 0.886322 0
3869 0.793764 0.833673 0
3870 0.79434 0.78091 0
3871 0.79434 0.76958 0
3872 0.793764 0.73367 0
3873 0.793764 0.705486 0
3874 0.79434 0.692896 0
3875 0.79434 0.681565 0
3876 0.79434 0.661994 0
3877 0.79434 0.620791 0
3878 0.793764 0.50877 0
3879 0.793764 0.480014 0
3880 0.79434 0.443045 0
3881 0.793764 0.378723 0
3882 0.793764 0.355117 0
3883 0.79434 0.33855 0
3884 0.79434 0.322183 0
3885 0.79434 0.297003 0
3886 0.793764 0.223496 0
3887 0.79434 0.211049 0
3888 0.79434 0.19823 0
3889 0.793764 0.179002 0
3890 0.79434 0.069127 0
3891 0.793764 0.032503 0
3892 0.796643 0.016365 0
3893 0.797219 0.850126 0
3894 0.797219 0.758277 0
3895 0.797795 0.64082 0
3896 0.797219 0.600332 0
3897 0.797219 0.580732 0
3898 0.797219 0.559988 0
3899 0.797795 0.544107 0
3900 0.797219 0.532376 0
3901 0.797219 0.467424 0
3902 0.797219 0.366705 0
3903 0.797795 0.285329 0
3904 0.797219 0.24653 0
3905 0.797219 0.106325 0
3906 0.797219 0.052532 0
3907 0.798371 0.922517 0
3908 0.798371 0.907352 0
3909 0.798371 0.806348 0
3910 0.798371 0.431085 0
3911 0.798371 0.415348 0
3912 0.797795 0.09259 0
3913 0.80125 0.821999 0
3914 0.800674 0.129501 0
3915 0.80125 0.040285 0
3916 0.801825 0.873732 0
3917 0.801825 0.862286 0
3918 0.801825 0.745831 0
3919 0.801825 0.491459 0
3920 0.801825 0.26756 0
3921 0.801825 0.235084 0
3922 0.801825 0.166699 0
3923 0.805856 0.955566 0
3924 0.806432 0.934869 0
3925 0.805856 0.890785 0
3926 0.805856 0.769694 0
3927 0.805856 0.718076 0
3928 0.805856 0.681565 0
3929 0.805856 0.661994 0
3930 0.805856 0.620562 0
3931 0.805856 0.52053 0
3932 0.805856 0.504163 0
3933 0.806432 0.397798 0
3934 0.805856 0.255114 0
3935 0.80528 0.223639 0
3936 0.805856 0.190448 0
3937 0.805856 0.174768 0
3938 0.805856 0.145239 0
3939 0.805856 0.117656 0
3940 0.805856 0.084006 0
3941 0.805856 0.072561 0
3942 0.807008 0.569058 0
3943 0.807008 0.314286 0
3944 0.809311 0.983607 0
3945 0.809311 0.967812 0
3946 0.809311 0.837565 0
3947 0.809311 0.024834 0
3948 0.809311 0.012359 0
3949 0.809887 0.918798 0
3950 0.809887 0.853702 0
3951 0.809887 0.81064 0
3952 0.809887 0.785317 0
3953 0.809887 0.73367 0
3954 0.809887 0.692896 0
3955 0.809887 0.673439 0
3956 0.809887 0.644826 0
3957 0.809887 0.600189 0
3958 0.810463 0.556468 0
3959 0.809887 0.536239 0
3960 0.810463 0.410998 0
3961 0.809887 0.366133 0
3962 0.809887 0.346962 0
3963 0.810463 0.293226 0
3964 0.809887 0.276287 0
3965 0.809887 0.207043 0
3966 0.809887 0.052103 0
3967 0.811038 0.455692 0
3968 0.811038 0.43924 0
3969 0.811038 0.33008 0
3970 0.813918 0.952132 0
3971 0.813918 0.87831 0
3972 0.813918 0.865949 0
3973 0.813342 0.825805 0
3974 0.813918 0.612893 0
3975 0.813918 0.242981 0
3976 0.813918 0.133107 0
3977 0.814493 0.898911 0
3978 0.814493 0.754558 0
3979 0.814493 0.652838 0
3980 0.814493 0.632379 0
3981 0.814493 0.476437 0
3982 0.814493 0.427222 0
3983 0.814493 0.382729 0
3984 0.814493 0.064692 0
3985 0.818524 0.890671 0
3986 0.818524 0.797506 0
3987 0.817948 0.705486 0
3988 0.818524 0.665427 0
3989 0.817948 0.592464 0
3990 0.818524 0.568715 0
3991 0.818524 0.524078 0
3992 0.818524 0.322068 0
3993 0.818524 0.305015 0
3994 0.817948 0.227073 0
3995 0.818524 0.215055 0
3996 0.817948 0.162693 0
3997 0.818524 0.100831 0
3998 0.817948 0.044806 0
3999 0.821979 0.837679 0
4000 0.821979 0.722082 0
4001 0.821979 0.121432 0
4002 0.822555 0.930958 0
4003 0.822555 0.784745 0
4004 0.822555 0.742111 0
4005 0.823131 0.677102 0
4006 0.822555 0.640963 0
4007 0.822555 0.600189 0
4008 0.823131 0.508398 0
4009 0.823131 0.491573 0
4010 0.822555 0.263554 0
4011 0.822555 0.178573 0
4012 0.822555 0.081002 0
4013 0.823706 0.548113 0
4014 0.823706 0.535523 0
4015 0.823706 0.418781 0
4016 0.823131 0.397607 0
4017 0.823706 0.334658 0
4018 0.826585 0.979372 0
4019 0.826585 0.963921 0
4020 0.826585 0.246644 0
4021 0.826585 0.10106 0
4022 0.827161 0.873732 0
4023 0.827161 0.858281 0
4024 0.827737 0.810439 0
4025 0.827161 0.758134 0
4026 0.827737 0.688776 0
4027 0.827161 0.628516 0
4028 0.827161 0.616785 0
4029 0.827161 0.472002 0
4030 0.827737 0.442816 0
4031 0.827161 0.37815 0
4032 0.827161 0.366133 0
4033 0.827161 0.350253 0
4034 0.827737 0.206814 0
4035 0.827161 0.190448 0
4036 0.827161 0.149388 0
4037 0.827161 0.13737 0
4038 0.827161 0.069127 0
4039 0.826585 0.032503 0
4040 0.826585 0.021057 0
4041 0.830616 0.947935 0
4042 0.830616 0.825852 0
4043 0.830616 0.709683 0
4044 0.83004 0.592292 0
4045 0.830616 0.459794 0
4046 0.830616 0.056919 0
4047 0.831192 0.921916 0
4048 0.831192 0.910357 0
4049 0.831192 0.894448 0
4050 0.831192 0.797392 0
4051 0.831192 0.773929 0
4052 0.831192 0.665427 0
4053 0.831192 0.430799 0
4054 0.831192 0.280293 0
4055 0.831192 0.174768 0
4056 0.831192 0.088584 0
4057 0.834071 0.967583 0
4058 0.834647 0.737418 0
4059 0.834647 0.604538 0
4060 0.834647 0.479556 0
4061 0.834071 0.120774 0
4062 0.834071 0.109186 0
4063 0.835223 0.750123 0
4064 0.835223 0.652838 0
4065 0.835223 0.640677 0
4066 0.835798 0.5686 0
4067 0.835223 0.544107 0
4068 0.835223 0.531804 0
4069 0.835223 0.516639 0
4070 0.835223 0.4999 0
4071 0.835223 0.414918 0
4072 0.835223 0.382156 0
4073 0.835798 0.325845 0
4074 0.835798 0.296889 0
4075 0.834647 0.162407 0
4076 0.839253 0.979257 0
4077 0.839253 0.873617 0
4078 0.838678 0.85313 0
4079 0.838678 0.837679 0
4080 0.838678 0.725372 0
4081 0.839253 0.61999 0
4082 0.839253 0.580503 0
4083 0.839253 0.254999 0
4084 0.838678 0.238518 0
4085 0.838678 0.227073 0
4086 0.839253 0.149245 0
4087 0.839253 0.072561 0
4088 0.839253 0.048068 0
4089 0.839253 0.036051 0
4090 0.838678 0.020771 0
4091 0.839829 0.903346 0
4092 0.839829 0.439097 0
4093 0.839829 0.402329 0
4094 0.839829 0.370282 0
4095 0.840405 0.338435 0
4096 0.839829 0.309479 0
4097 0.839829 0.210477 0
4098 0.839829 0.197744 0
4099 0.839829 0.186299 0
4100 0.842708 0.939313 0
4101 0.842708 0.821312 0
4102 0.842708 0.777591 0
4103 0.842708 0.467538 0
4104 0.842708 0.267474 0
4105 0.842708 0.129101 0
4106 0.843284 0.926666 0
4107 0.843284 0.665141 0
4108 0.843284 0.556268 0
4109 0.843284 0.508627 0
4110 0.843284 0.422644 0
4111 0.843284 0.394317 0
4112 0.843284 0.285157 0
4113 0.843284 0.096596 0
4114 0.846739 0.959571 0
4115 0.847315 0.906465 0
4116 0.846739 0.889898 0
4117 0.846739 0.86572 0
4118 0.847315 0.797392 0
4119 0.846739 0.761711 0
4120 0.846739 0.741968 0
4121 0.846739 0.713498 0
4122 0.847315 0.700679 0
4123 0.847315 0.68477 0
4124 0.846739 0.652981 0
4125 0.846739 0.595611 0
4126 0.847315 0.524192 0
4127 0.847315 0.491573 0
4128 0.847315 0.35423 0
4129 0.846739 0.080573 0
4130 0.846739 0.056824 0
4131 0.847891 0.4514 0
4132 0.85077 0.105295 0
4133 0.851345 0.983607 0
4134 0.851345 0.849267 0
4135 0.851921 0.81353 0
4136 0.851345 0.733527 0
4137 0.851921 0.673439 0
4138 0.851921 0.6367 0
4139 0.851921 0.620218 0
4140 0.851921 0.608544 0
4141 0.851345 0.58345 0
4142 0.851921 0.374259 0
4143 0.851921 0.219461 0
4144 0.851921 0.201778 0
4145 0.851345 0.190448 0
4146 0.851345 0.178001 0
4147 0.851345 0.162407 0
4148 0.852497 0.571576 0
4149 0.852497 0.326074 0
4150 0.852497 0.309479 0
4151 0.852497 0.296746 0
4152 0.854224 0.97136 0
4153 0.8548 0.939256 0
4154 0.854224 0.231536 0
4155 0.854224 0.032159 0
4156 0.854224 0.016365 0
4157 0.8548 0.873732 0
4158 0.8548 0.829095 0
4159 0.855376 0.784344 0
4160 0.855376 0.773471 0
4161 0.8548 0.661422 0
4162 0.8548 0.51249 0
4163 0.8548 0.47143 0
4164 0.8548 0.410197 0
4165 0.8548 0.390597 0
4166 0.8548 0.270994 0
4167 0.8548 0.258976 0
4168 0.8548 0.246386 0
4169 0.8548 0.140661 0
4170 0.855376 0.092819 0
4171 0.855376 0.556316 0
4172 0.855376 0.539529 0
4173 0.855952 0.459412 0
4174 0.858255 0.587599 0
4175 0.858831 0.047954 0
4176 0.859407 0.955423 0
4177 0.859983 0.921916 0
4178 0.859407 0.861714 0
4179 0.859407 0.821226 0
4180 0.859983 0.801855 0
4181 0.859407 0.745544 0
4182 0.859407 0.717933 0
4183 0.859407 0.648546 0
4184 0.859407 0.499471 0
4185 0.859407 0.488025 0
4186 0.859983 0.43469 0
4187 0.859407 0.349966 0
4188 0.858831 0.117198 0
4189 0.859407 0.072275 0
4190 0.860558 0.692753 0
4191 0.860558 0.313341 0
4192 0.863438 0.128986 0
4193 0.862862 0.10518 0
4194 0.864013 0.894333 0
4195 0.864013 0.7052 0
4196 0.864013 0.669433 0
4197 0.864013 0.619932 0
4198 0.864589 0.563908 0
4199 0.864589 0.524078 0
4200 0.864589 0.37815 0
4201 0.865165 0.341716 0
4202 0.864589 0.292425 0
4203 0.864589 0.22238 0
4204 0.864589 0.210362 0
4205 0.864589 0.189875 0
4206 0.864589 0.173966 0
4207 0.864589 0.158286 0
4208 0.864013 0.080573 0
4209 0.867468 0.983177 0
4210 0.868044 0.902574 0
4211 0.867468 0.870155 0
4212 0.867468 0.845119 0
4213 0.867468 0.832958 0
4214 0.867468 0.761711 0
4215 0.867468 0.729521 0
4216 0.867468 0.656986 0
4217 0.867468 0.640534 0
4218 0.867468 0.604195 0
4219 0.867468 0.495465 0
4220 0.867468 0.478869 0
4221 0.867468 0.35855 0
4222 0.867468 0.254541 0
4223 0.867468 0.144666 0
4224 0.867468 0.059971 0
4225 0.86862 0.934535 0
4226 0.86862 0.576154 0
4227 0.86862 0.547827 0
4228 0.86862 0.459412 0
4229 0.86862 0.41034 0
4230 0.86862 0.280293 0
4231 0.871499 0.951331 0
4232 0.872075 0.967297 0
4233 0.872075 0.881743 0
4234 0.872651 0.817078 0
4235 0.872075 0.797191 0
4236 0.872075 0.777162 0
4237 0.872075 0.681165 0
4238 0.872075 0.587742 0
4239 0.872075 0.535523 0
4240 0.872651 0.397836 0
4241 0.872075 0.267131 0
4242 0.872075 0.120774 0
4243 0.872075 0.047954 0
4244 0.872075 0.024062 0
4245 0.872075 0.01233 0
4246 0.873226 0.442816 0
4247 0.873226 0.422644 0
4248 0.873226 0.321639 0
4249 0.873226 0.301324 0
4250 0.876105 0.861714 0
4251 0.876105 0.809753 0
4252 0.876105 0.789037 0
4253 0.876105 0.74543 0
4254 0.876105 0.709148 0
4255 0.876681 0.696902 0
4256 0.876105 0.624224 0
4257 0.876105 0.515723 0
4258 0.876105 0.504049 0
4259 0.876105 0.373801 0
4260 0.876105 0.242867 0
4261 0.876105 0.231536 0
4262 0.876105 0.20155 0
4263 0.876105 0.165611 0
4264 0.876105 0.132305 0
4265 0.876105 0.08847 0
4266 0.876105 0.075995 0
4267 0.877257 0.334086 0
4268 0.877257 0.313599 0
4269 0.878985 0.849267 0
4270 0.878985 0.837536 0
4271 0.87956 0.600075 0
4272 0.87956 0.104608 0
4273 0.87956 0.035478 0
4274 0.880136 0.92266 0
4275 0.880136 0.681308 0
4276 0.880136 0.65713 0
4277 0.880712 0.567913 0
4278 0.880712 0.547541 0
4279 0.880136 0.491316 0
4280 0.880712 0.386162 0
4281 0.880136 0.346104 0
4282 0.880136 0.214483 0
4283 0.880136 0.182436 0
4284 0.880136 0.06412 0
4285 0.883591 0.984179 0
4286 0.883591 0.826091 0
4287 0.884167 0.258318 0
4288 0.884167 0.016021 0
4289 0.884743 0.935536 0
4290 0.884743 0.894906 0
4291 0.884743 0.798193 0
4292 0.884743 0.766718 0
4293 0.884743 0.721795 0
4294 0.884743 0.670005 0
4295 0.884743 0.61607 0
4296 0.884743 0.531517 0
4297 0.884743 0.402043 0
4298 0.884743 0.361841 0
4299 0.884743 0.301324 0
4300 0.884743 0.193738 0
4301 0.884743 0.043805 0
4302 0.885894 0.580446 0
4303 0.885318 0.446822 0
4304 0.888198 0.968012 0
4305 0.888773 0.911501 0
4306 0.888773 0.878424 0
4307 0.888773 0.862172 0
4308 0.888773 0.810783 0
4309 0.888773 0.785603 0
4310 0.888773 0.774272 0
4311 0.888773 0.733985 0
4312 0.888773 0.701709 0
4313 0.888773 0.649747 0
4314 0.888773 0.633266 0
4315 0.888773 0.560016 0
4316 0.888773 0.504507 0
4317 0.888773 0.479212 0
4318 0.888198 0.464276 0
4319 0.888773 0.430455 0
4320 0.888773 0.415004 0
4321 0.888773 0.329622 0
4322 0.888773 0.313599 0
4323 0.888773 0.288877 0
4324 0.888773 0.275829 0
4325 0.888773 0.231422 0
4326 0.888773 0.152907 0
4327 0.888773 0.140661 0
4328 0.888773 0.120746 0
4329 0.888773 0.07588 0
4330 0.891652 0.952132 0
4331 0.891652 0.850269 0
4332 0.891652 0.596613 0
4333 0.892228 0.521217 0
4334 0.892228 0.246644 0
4335 0.892228 0.088012 0
4336 0.891652 0.031501 0
4337 0.892804 0.922947 0
4338 0.892804 0.751124 0
4339 0.892804 0.689606 0
4340 0.892804 0.540674 0
4341 0.892804 0.394603 0
4342 0.892804 0.378866 0
4343 0.892804 0.206471 0
4344 0.895683 0.1093 0
4345 0.896835 0.940343 0
4346 0.896259 0.890614 0
4347 0.896259 0.833673 0
4348 0.896259 0.722082 0
4349 0.896835 0.488369 0
4350 0.896835 0.359266 0
4351 0.896259 0.190305 0
4352 0.896259 0.170275 0
4353 0.896259 0.137084 0
4354 0.896835 0.06432 0
4355 0.896259 0.051816 0
4356 0.897411 0.677874 0
4357 0.897411 0.640963 0
4358 0.897411 0.57272 0
4359 0.897411 0.447967 0
4360 0.90029 0.988757 0
4361 0.90029 0.976396 0
4362 0.90029 0.964722 0
4363 0.900865 0.90349 0
4364 0.90029 0.766718 0
4365 0.90029 0.653753 0
4366 0.90029 0.625254 0
4367 0.90029 0.613351 0
4368 0.90029 0.47658 0
4369 0.90029 0.347248 0
4370 0.90029 0.263697 0
4371 0.90029 0.121776 0
4372 0.90029 0.020599 0
4373 0.901441 0.693697 0
4374 0.901441 0.552462 0
4375 0.901441 0.419582 0
4376 0.901441 0.290022 0
4377 0.901441 0.220205 0
4378 0.903745 0.951903 0
4379 0.904896 0.915393 0
4380 0.904896 0.866521 0
4381 0.90432 0.854275 0
4382 0.904896 0.81456 0
4383 0.904896 0.798078 0
4384 0.90432 0.738248 0
4385 0.90432 0.705915 0
4386 0.90432 0.66557 0
4387 0.90432 0.592607 0
4388 0.904896 0.500043 0
4389 0.904896 0.464105 0
4390 0.90432 0.366705 0
4391 0.90432 0.235227 0
4392 0.90432 0.178859 0
4393 0.90432 0.166412 0
4394 0.90432 0.072418 0
4395 0.90432 0.044377 0
4396 0.905472 0.580732 0
4397 0.905472 0.322641 0
4398 0.905472 0.301896 0
4399 0.908927 0.833673 0
4400 0.909503 0.781254 0
4401 0.909503 0.754586 0
4402 0.909503 0.645055 0
4403 0.908927 0.633237 0
4404 0.909503 0.202465 0
4405 0.908927 0.153823 0
4406 0.908927 0.133364 0
4407 0.909503 0.097283 0
4408 0.909503 0.061001 0
4409 0.910078 0.927382 0
4410 0.909503 0.882888 0
4411 0.910078 0.532662 0
4412 0.910078 0.439383 0
4413 0.910078 0.407336 0
4414 0.910078 0.39074 0
4415 0.910078 0.27686 0
4416 0.912958 0.972276 0
4417 0.912958 0.846034 0
4418 0.912958 0.826234 0
4419 0.912958 0.766833 0
4420 0.912958 0.721967 0
4421 0.912958 0.710293 0
4422 0.912958 0.685571 0
4423 0.912958 0.674126 0
4424 0.912958 0.601105 0
4425 0.912958 0.251222 0
4426 0.912958 0.186785 0
4427 0.912958 0.109873 0
4428 0.913533 0.556697 0
4429 0.913533 0.544536 0
4430 0.913533 0.516639 0
4431 0.913533 0.47658 0
4432 0.914109 0.451973 0
4433 0.913533 0.427508 0
4434 0.913533 0.366705 0
4435 0.916412 0.955795 0
4436 0.916988 0.983893 0
4437 0.917564 0.903375 0
4438 0.917564 0.862172 0
4439 0.917564 0.789723 0
4440 0.917564 0.617128 0
4441 0.916988 0.35526 0
4442 0.917564 0.170762 0
4443 0.916988 0.145811 0
4444 0.916988 0.121776 0
4445 0.916988 0.032503 0
4446 0.916988 0.016479 0
4447 0.91814 0.802199 0
4448 0.91814 0.338807 0
4449 0.91814 0.32679 0
4450 0.91814 0.306045 0
4451 0.91814 0.215627 0
4452 0.91814 0.081002 0
4453 0.921595 0.464467 0
4454 0.921595 0.890757 0
4455 0.922171 0.87419 0
4456 0.921595 0.742111 0
4457 0.922171 0.641163 0
4458 0.921595 0.629089 0
4459 0.921595 0.584309 0
4460 0.921595 0.500043 0
4461 0.921595 0.488025 0
4462 0.922171 0.407107 0
4463 0.922171 0.271824 0
4464 0.921595 0.231651 0
4465 0.921595 0.133221 0
4466 0.922746 0.939685 0
4467 0.922746 0.657559 0
4468 0.922746 0.560274 0
4469 0.922746 0.097168 0
4470 0.924474 0.057682 0
4471 0.924474 0.044062 0
4472 0.925625 0.918941 0
4473 0.925625 0.817535 0
4474 0.92505 0.778164 0
4475 0.92505 0.718076 0
4476 0.92505 0.705629 0
4477 0.925625 0.689348 0
4478 0.925625 0.673897 0
4479 0.925625 0.540445 0
4480 0.925625 0.524536 0
4481 0.925625 0.374488 0
4482 0.92505 0.259119 0
4483 0.92505 0.243239 0
4484 0.925625 0.198116 0
4485 0.92505 0.15883 0
4486 0.92505 0.117627 0
4487 0.926201 0.57272 0
4488 0.926201 0.45183 0
4489 0.926201 0.318492 0
4490 0.926201 0.29789 0
4491 0.926201 0.211049 0
4492 0.92908 0.975938 0
4493 0.92908 0.96415 0
4494 0.92908 0.829553 0
4495 0.929656 0.988471 0
4496 0.929656 0.898911 0
4497 0.929656 0.882888 0
4498 0.929656 0.789609 0
4499 0.929656 0.758134 0
4500 0.929656 0.512776 0
4501 0.929656 0.47658 0
4502 0.930232 0.415577 0
4503 0.930232 0.394517 0
4504 0.929656 0.383158 0
4505 0.929656 0.347248 0
4506 0.929656 0.141233 0
4507 0.929656 0.072275 0
4508 0.929656 0.016622 0
4509 0.930808 0.435234 0
4510 0.930808 0.306045 0
4511 0.933687 0.858281 0
4512 0.933687 0.84157 0
4513 0.933687 0.726087 0
4514 0.933687 0.588401 0
4515 0.933687 0.105638 0
4516 0.933687 0.032388 0
4517 0.934263 0.870298 0
4518 0.934263 0.746117 0
4519 0.934263 0.644826 0
4520 0.934263 0.636814 0
4521 0.934263 0.620648 0
4522 0.934263 0.609202 0
4523 0.934838 0.556812 0
4524 0.934263 0.271566 0
4525 0.934263 0.178859 0
4526 0.934263 0.166269 0
4527 0.934263 0.084149 0
4528 0.937718 0.464181 0
4529 0.937142 0.246644 0
4530 0.937142 0.235084 0
4531 0.937142 0.048183 0
4532 0.937718 0.95156 0
4533 0.938293 0.939428 0
4534 0.937718 0.822371 0
4535 0.937718 0.766432 0
4536 0.937718 0.697474 0
4537 0.937718 0.661994 0
4538 0.937718 0.488025 0
4539 0.937718 0.37114 0
4540 0.938293 0.326189 0
4541 0.938293 0.285444 0
4542 0.937718 0.215198 0
4543 0.937718 0.207043 0
4544 0.937718 0.064549 0
4545 0.941748 0.910815 0
4546 0.941748 0.890671 0
4547 0.941172 0.754558 0
4548 0.941172 0.709921 0
4549 0.941748 0.629031 0
4550 0.941748 0.600761 0
4551 0.941748 0.259348 0
4552 0.941172 0.126068 0
4553 0.941172 0.113764 0
4554 0.942324 0.797621 0
4555 0.942324 0.777877 0
4556 0.942324 0.685457 0
4557 0.942324 0.673725 0
4558 0.9429 0.576612 0
4559 0.942324 0.544107 0
4560 0.942324 0.516639 0
4561 0.9429 0.427251 0
4562 0.942324 0.382872 0
4563 0.942324 0.36227 0
4564 0.942324 0.076424 0
4565 0.943476 0.438954 0
4566 0.943476 0.338664 0
4567 0.9429 0.306045 0
4568 0.945779 0.983607 0
4569 0.945779 0.955566 0
4570 0.946355 0.92741 0
4571 0.946355 0.873961 0
4572 0.945779 0.841685 0
4573 0.946355 0.810554 0
4574 0.946355 0.733756 0
4575 0.946355 0.653066 0
4576 0.946355 0.528084 0
4577 0.946355 0.472116 0
4578 0.946931 0.451591 0
4579 0.946355 0.403101 0
4580 0.945779 0.350825 0
4581 0.946355 0.322068 0
4582 0.946355 0.276516 0
4583 0.946355 0.223067 0
4584 0.946355 0.198001 0
4585 0.946355 0.186556 0
4586 0.946355 0.162407 0
4587 0.946355 0.141233 0
4588 0.946355 0.096825 0
4589 0.946355 0.036508 0
4590 0.945779 0.024634 0
4591 0.945779 0.009326 0
4592 0.950385 0.967726 0
4593 0.950385 0.854275 0
4594 0.950961 0.822457 0
4595 0.950385 0.766146 0
4596 0.950385 0.745974 0
4597 0.950385 0.665427 0
4598 0.950385 0.608916 0
4599 0.950961 0.560016 0
4600 0.950385 0.394603 0
4601 0.950961 0.289564 0
4602 0.950385 0.250535 0
4603 0.950385 0.235227 0
4604 0.950385 0.060114 0
4605 0.95384 0.833673 0
4606 0.954416 0.721967 0
4607 0.954416 0.592177 0
4608 0.95384 0.113621 0
4609 0.954992 0.939685 0
4610 0.954992 0.918798 0
4611 0.954992 0.907066 0
4612 0.954992 0.793329 0
4613 0.954992 0.785317 0
4614 0.954992 0.692896 0
4615 0.954992 0.521074 0
4616 0.954992 0.50877 0
4617 0.954992 0.492031 0
4618 0.954992 0.480014 0
4619 0.955568 0.464562 0
4620 0.955568 0.435034 0
4621 0.954992 0.37114 0
4622 0.955568 0.301238 0
4623 0.954992 0.263554 0
4624 0.954992 0.2069 0
4625 0.954992 0.17843 0
4626 0.954992 0.153823 0
4627 0.954416 0.043948 0
4628 0.956144 0.342527 0
4629 0.957871 0.95156 0
4630 0.958447 0.705295 0
4631 0.958447 0.624987 0
4632 0.957871 0.129215 0
4633 0.959023 0.885749 0
4634 0.959023 0.814331 0
4635 0.959023 0.754701 0
4636 0.959023 0.640706 0
4637 0.959023 0.422787 0
4638 0.959023 0.219976 0
4639 0.959023 0.189646 0
4640 0.959023 0.084121 0
4641 0.959023 0.071531 0
4642 0.961902 0.983607 0
4643 0.961902 0.870298 0
4644 0.961902 0.845405 0
4645 0.961902 0.246673 0
4646 0.962478 0.158401 0
4647 0.961902 0.036222 0
4648 0.961902 0.024205 0
4649 0.961902 0.008897 0
4650 0.963053 0.927239 0
4651 0.963053 0.677016 0
4652 0.963053 0.652981 0
4653 0.963053 0.576154 0
4654 0.963053 0.54425 0
4655 0.963053 0.442959 0
4656 0.963053 0.410483 0
4657 0.963053 0.394603 0
4658 0.963053 0.378294 0
4659 0.963629 0.330309 0
4660 0.963053 0.314057 0
4661 0.963053 0.276287 0
4662 0.963053 0.096739 0
4663 0.967084 0.967812 0
4664 0.967084 0.769694 0
4665 0.966508 0.733813 0
4666 0.966508 0.713784 0
4667 0.966508 0.608773 0
4668 0.966508 0.588315 0
4669 0.967084 0.504507 0
4670 0.967084 0.480128 0
4671 0.967084 0.36247 0
4672 0.967084 0.202007 0
4673 0.966508 0.170848 0
4674 0.966508 0.141233 0
4675 0.966508 0.113621 0
4676 0.966508 0.056824 0
4677 0.96766 0.898768 0
4678 0.96766 0.797621 0
4679 0.96766 0.689033 0
4680 0.96766 0.556697 0
4681 0.96766 0.459984 0
4682 0.96766 0.293455 0
4683 0.970539 0.988185 0
4684 0.970539 0.955337 0
4685 0.970539 0.857823 0
4686 0.971115 0.814025 0
4687 0.970539 0.754586 0
4688 0.970539 0.644597 0
4689 0.970539 0.620676 0
4690 0.971115 0.524459 0
4691 0.970539 0.231651 0
4692 0.970539 0.084006 0
4693 0.970539 0.071531 0
4694 0.971115 0.914935 0
4695 0.971691 0.427365 0
4696 0.971883 0.347916 0
4697 0.971691 0.214941 0
4698 0.975145 0.938855 0
4699 0.975145 0.781025 0
4700 0.97457 0.722082 0
4701 0.975145 0.705486 0
4702 0.975145 0.65753 0
4703 0.975145 0.516524 0
4704 0.975145 0.46708 0
4705 0.975145 0.305816 0
4706 0.97457 0.280436 0
4707 0.97457 0.262982 0
4708 0.97457 0.186442 0
4709 0.97457 0.125496 0
4710 0.975145 0.096596 0
4711 0.97457 0.043948 0
4712 0.97457 0.032359 0
4713 0.97457 0.015621 0
4714 0.975721 0.673439 0
4715 0.975721 0.536382 0
4716 0.975145 0.39818 0
4717 0.975145 0.355069 0
4718 0.975721 0.318063 0
4719 0.979176 0.885749 0
4720 0.979176 0.870298 0
4721 0.979176 0.841542 0
4722 0.979752 0.825433 0
4723 0.979176 0.625083 0
4724 0.979176 0.592177 0
4725 0.979752 0.491459 0
4726 0.979176 0.37815 0
4727 0.979176 0.170561 0
4728 0.980328 0.576154 0
4729 0.980328 0.560131 0
4730 0.980328 0.33008 0
4731 0.982631 0.955184 0
4732 0.982631 0.113478 0
4733 0.982631 0.056728 0
4734 0.983207 0.979143 0
4735 0.983207 0.926838 0
4736 0.983207 0.903375 0
4737 0.983207 0.813987 0
4738 0.983207 0.797392 0
4739 0.983207 0.766375 0
4740 0.983207 0.737533 0
4741 0.983207 0.688547 0
4742 0.983207 0.640477 0
4743 0.982631 0.608773 0
4744 0.983207 0.544107 0
4745 0.983207 0.508627 0
4746 0.983207 0.476466 0
4747 0.983207 0.410083 0
4748 0.983207 0.394746 0
4749 0.983207 0.362013 0
4750 0.983207 0.246415 0
4751 0.983207 0.215055 0
4752 0.983207 0.198001 0
4753 0.983207 0.140546 0
4754 0.983207 0.083892 0
4755 0.983207 0.071417 0
4756 0.983783 0.459984 0
4757 0.983783 0.442959 0
4758 0.983783 0.3142 0
4759 0.983783 0.296889 0
4760 0.986086 0.96744 0
4761 0.986662 0.231307 0
4762 0.986086 0.125496 0
4763 0.986662 0.024033 0
4764 0.987238 0.939113 0
4765 0.987238 0.914649 0
4766 0.987238 0.857565 0
4767 0.986662 0.833673 0
4768 0.987238 0.781025 0
4769 0.987238 0.754558 0
4770 0.987238 0.705343 0
4771 0.987238 0.673439 0
4772 0.987238 0.52465 0
4773 0.987813 0.427022 0
4774 0.987813 0.346676 0
4775 0.987238 0.280293 0
4776 0.987238 0.263268 0
4777 0.987238 0.186013 0
4778 0.986662 0.158401 0
4779 0.987238 0.096596 0
4780 0.991844 0.721795 0
4781 0.991844 0.657416 0
4782 0.991844 0.491459 0
4783 0.991844 0.37815 0
4784 0.992996 0.576154 0
4785 0.992996 0.560131 0
